Ind,source_id,ref_epoch,ra,ra_error,decl,dec_error,parallax,parallax_error,parallax_over_error,frac_para_error,pmra,pmra_error,pmdec,pmdec_error,astrometric_n_obs_al,astrometric_chi2_al,astrometric_excess_noise,astrometric_excess_noise_sig,visibility_periods_used,phot_g_n_obs,phot_g_mean_flux,phto_g_mean_flux_error,phot_g_mean_flux_over_error,phot_g_mean_mag,phot_bp_mean_mag,phot_rp_mean_mag,bp_rp,bp_G,G_rp,radial_velocity,radial_velocity_error,l,b,ecl_lat,ecl_lon,priam_flags,teff_val,teff_percentile_lower,teff_percentile_upper,a_g_val,a_g_percentile_lower,a_g_percentile_upper,radius_val,radius_percentile_upper,radius_percentile_lower,lum_val,lum_percentile_upper,lum_percentile_lower,dist.c,fwhm_lo.c,fwhm_hi.c,sd.c,teff_val.c,sptype.c,project,name
80563,5057376119059920384,2015.5,52.9414,0.0190786,-28.3741,0.0320307,14.1117,0.0396068,356.296,0.00280666,64.9118,0.0430614,-31.3546,0.0613576,537.0,1046.34,0.219422,12.005,18.0,568.0,21625.3,5.85059,3696.27,14.851,16.1934,13.7094,2.48398,1.34242,1.14156,0.0,0.0,224.501,-54.6705,-45.6686,40.6442,100001.0,3493.33,3354.0,3944.02,0.047,0.0199,0.2214,0.0,0.0,0.0,0.0,0.0,0.0,70.8641,70.6307,71.099,0.198883,0.0,M2.5V,LADUMA,LADUMA
81506,5057486860496451840,2015.5,53.1755,0.0118481,-27.9505,0.0198646,14.0525,0.0254658,551.817,0.0018122,100.768,0.0298307,66.8515,0.0419542,724.0,1497.58,0.168505,15.7244,18.0,775.0,80811.0,27.6633,2921.24,13.4197,14.5784,12.3572,2.22124,1.15873,1.06251,15.0625,0.699887,223.828,-54.4069,-45.3409,41.1272,100001.0,3991.11,3776.2,4160.17,0.049,0.014,0.106,0.0,0.0,0.0,0.0,0.0,0.0,71.1624,71.0109,71.3145,0.128952,0.0,K8V,LADUMA,LADUMA
100299,5057325404086137984,2015.5,53.248,0.0122254,-28.4649,0.019216,13.0726,0.0261854,499.233,0.00200307,-46.2362,0.0282352,-74.3538,0.0418999,451.0,719.091,0.116087,5.02223,18.0,477.0,57615.4,11.9453,4823.27,13.787,14.8785,12.7555,2.12307,1.0915,1.03157,0.0,0.0,224.719,-54.4154,-45.8462,40.9628,100001.0,3989.33,3688.18,4293.5,0.1458,0.007,0.338,0.0,0.0,0.0,0.0,0.0,0.0,76.4965,76.3165,76.6773,0.153219,0.0,K8V,LADUMA,LADUMA
118932,5057422161109154688,2015.5,53.4269,0.0238661,-28.2901,0.0395851,12.3064,0.0507956,242.274,0.00412756,31.4756,0.0634927,34.0494,0.0976361,468.0,907.672,0.275899,12.0482,18.0,509.0,11928.6,4.58506,2601.63,15.4969,16.914,14.3235,2.59058,1.41716,1.17342,0.0,0.0,224.458,-54.2357,-45.7355,41.2604,100001.0,3735.9,3265.75,4275.7,0.007,0.0,0.1931,0.0,0.0,0.0,0.0,0.0,0.0,81.2609,80.8679,81.6578,0.335408,0.0,M1V,LADUMA,LADUMA
185138,5057379142716889984,2015.5,53.0052,0.0155629,-28.2756,0.0267897,10.512,0.0329849,318.692,0.00313782,43.6647,0.0381369,-7.23092,0.0549403,584.0,1228.01,0.212422,14.6175,19.0,616.0,31836.2,6.65944,4780.6,14.4311,15.6833,13.3249,2.35845,1.25227,1.10617,0.0,0.0,224.346,-54.6015,-45.5953,40.7679,100002.0,3573.38,3410.0,3976.58,0.3067,0.1809,0.4581,0.0,0.0,0.0,0.0,0.0,0.0,95.1308,94.7806,95.4836,0.298494,0.0,M2V,LADUMA,LADUMA
449775,5057380448386953728,2015.5,52.8903,0.025965,-28.285,0.0463155,7.59914,0.0600739,126.496,0.00790536,23.5184,0.0619463,1.54002,0.0946972,562.0,866.953,0.256295,6.84433,19.0,605.0,6777.66,2.79729,2422.94,16.1107,17.5638,14.9242,2.63956,1.45311,1.18645,0.0,0.0,224.338,-54.703,-45.5695,40.6275,100001.0,3772.52,3398.64,4000.53,0.0215,0.0156,0.2416,0.0,0.0,0.0,0.0,0.0,0.0,131.61,130.396,132.846,1.04061,0.0,M0.5V,LADUMA,LADUMA
1042605,5057488475404146304,2015.5,53.3064,0.0297205,-27.8444,0.0486219,5.49191,0.0645399,85.0932,0.0117518,6.86092,0.0764342,49.4295,0.104317,692.0,934.814,0.266414,6.00344,19.0,736.0,4358.09,1.75204,2487.43,16.5901,18.0236,15.4047,2.61888,1.43346,1.18542,0.0,0.0,223.677,-54.2769,-45.2801,41.333,100001.0,3584.27,3238.25,3908.77,0.232,0.1757,0.6051,0.0,0.0,0.0,0.0,0.0,0.0,182.133,179.646,184.689,2.14145,0.0,M2V,LADUMA,LADUMA
1068256,5057476380776254592,2015.5,53.1723,0.0386698,-28.0473,0.0605806,5.43846,0.0784188,69.3515,0.0144193,-5.29404,0.100955,-148.206,0.133414,609.0,787.267,0.247729,3.11753,17.0,653.0,2991.42,1.67326,1787.78,16.9987,18.4235,15.819,2.60451,1.42483,1.17968,0.0,0.0,223.992,-54.4237,-45.4309,41.0766,100001.0,3678.0,3341.75,4044.87,0.1175,0.0319,0.2303,0.0,0.0,0.0,0.0,0.0,0.0,183.947,180.874,187.125,2.65445,0.0,M1V,LADUMA,LADUMA
1246026,5057430544885308544,2015.5,53.5081,0.0552955,-28.1664,0.0904394,5.10963,0.112376,45.469,0.021993,35.7235,0.137775,24.8755,0.208571,479.0,726.264,0.471822,6.52411,18.0,513.0,2064.34,1.51145,1365.81,17.4014,19.0086,16.1585,2.8501,1.60714,1.24295,0.0,0.0,224.266,-54.1475,-45.6434,41.4168,0.0,0.0,0.0,0.0,0.0,0.0,0.0,0.0,0.0,0.0,0.0,0.0,0.0,195.885,190.934,201.099,4.31634,3829.85,M0.5V,LADUMA,LADUMA
1315560,5057494144760948224,2015.5,52.8411,0.00951514,-28.0111,0.0163566,4.99695,0.0213056,234.536,0.00426373,24.0558,0.0249834,-0.55228,0.038787,675.0,573.11,0.0,0.0,18.0,719.0,44612.8,6.17463,7225.18,14.0647,14.8492,13.2016,1.64762,0.78447,0.863149,0.0,0.0,223.858,-54.7079,-45.2973,40.7029,100002.0,4405.32,4259.0,4618.65,0.115,0.0,0.5071,0.527098,0.563939,0.479531,0.0942735,0.0953447,0.0932022,200.129,199.129,201.139,0.853295,0.0,K5V,LADUMA,LADUMA
1335319,5057475487423061120,2015.5,53.1658,0.0132133,-28.1211,0.0219729,4.96571,0.0291066,170.604,0.00586151,-11.5913,0.0347183,-25.8537,0.0475753,603.0,1405.88,0.0,0.0,18.0,604.0,1303690.0,256.385,5084.89,10.4004,10.659,10.0089,0.650173,0.258603,0.39157,-11.4497,0.404396,224.116,-54.4399,-45.4983,41.0331,100001.0,6346.0,6221.0,6554.33,0.158,0.017,0.29,1.18389,1.23194,1.10983,2.04794,2.06739,2.0285,201.394,200.013,202.794,1.18055,0.0,F6V,LADUMA,LADUMA
1611387,5057330729845529984,2015.5,53.0839,0.0226069,-28.3581,0.0368337,4.59198,0.0485864,94.5116,0.0105807,40.7915,0.0552684,58.1733,0.080819,491.0,641.74,0.164609,3.35635,18.0,539.0,8667.53,3.30497,2622.57,15.8436,16.9781,14.7798,2.19825,1.13444,1.06381,0.0,0.0,224.503,-54.5441,-45.6965,40.8207,100001.0,4163.75,3610.33,4894.11,0.0335,0.014,0.106,0.0,0.0,0.0,0.0,0.0,0.0,217.816,215.135,220.564,2.30552,0.0,K6.5V,LADUMA,LADUMA
1686537,5057431949337967104,2015.5,53.5098,0.0254199,-28.1027,0.037509,4.50424,0.049588,90.8332,0.0110092,-4.64668,0.0660142,-15.7317,0.0895102,298.0,974.248,0.120606,7.78053,15.0,297.0,1926840.0,739.203,2606.65,9.97625,10.1953,9.64282,0.552484,0.219059,0.333425,-6.50915,0.7608,224.159,-54.1369,-45.584,41.4495,100001.0,6883.42,6677.2,7048.8,0.187,0.0179,0.613,1.34889,1.4335,1.28634,3.68016,3.73597,3.62434,222.063,219.22,224.98,2.44575,0.0,F2V,LADUMA,LADUMA
1727829,5057474078673793280,2015.5,53.0792,0.008268,-28.1546,0.0149018,4.45833,0.0179206,248.782,0.00401958,47.596,0.0199809,-12.4965,0.0308653,556.0,458.753,0.0,1.7329e-15,19.0,560.0,109247.0,19.7741,5524.73,13.0923,13.6353,12.4173,1.21804,0.542989,0.675052,60.3777,1.10206,224.155,-54.5202,-45.5039,40.9144,100001.0,4997.0,4828.0,5235.0,0.133,0.0603,0.234,0.653415,0.69996,0.595352,0.239833,0.242548,0.237119,224.306,223.249,225.372,0.901605,0.0,K2.5V,LADUMA,LADUMA
1728290,5057313549976401920,2015.5,53.2613,0.0419961,-28.4907,0.0650232,4.45784,0.0904556,49.2821,0.0202913,-10.7521,0.0986888,6.78053,0.147162,450.0,558.899,0.172506,1.08155,17.0,479.0,2605.49,1.84461,1412.49,17.1486,18.6249,15.9545,2.6704,1.47623,1.19417,0.0,0.0,224.765,-54.4073,-45.8745,40.9659,0.0,0.0,0.0,0.0,0.0,0.0,0.0,0.0,0.0,0.0,0.0,0.0,0.0,224.493,219.249,229.994,4.56254,3714.41,M1V,LADUMA,LADUMA
1735365,5057324819970589568,2015.5,53.1899,0.0418544,-28.5125,0.06623,4.45009,0.0832145,53.4773,0.0186995,1.08371,0.0886849,26.3186,0.131342,411.0,4588.81,0.573457,103.994,18.0,453.0,52477.5,14.7663,3553.86,13.8884,14.77,12.9685,1.80149,0.881595,0.919899,0.0,0.0,224.788,-54.4724,-45.8736,40.8704,100001.0,4156.64,3924.02,4616.56,1.3577,1.1089,1.645,0.768152,0.861922,0.622721,0.158693,0.16487,0.152515,224.859,220.011,229.926,4.21041,0.0,K6.5V,LADUMA,LADUMA
1889870,5057487788209384192,2015.5,53.2414,0.0271629,-27.8979,0.044742,4.2906,0.0587933,72.9778,0.0137028,87.9162,0.0691515,41.1426,0.0989669,677.0,874.34,0.204731,3.94314,18.0,718.0,5154.33,1.97583,2608.68,16.4079,17.5575,15.3372,2.22025,1.14956,1.07069,0.0,0.0,223.753,-54.3416,-45.3111,41.2304,100001.0,3802.11,3508.67,4346.54,0.189,0.007,0.4111,0.0,0.0,0.0,0.0,0.0,0.0,233.147,229.444,236.973,3.19695,0.0,M0.5V,LADUMA,LADUMA
1995705,5057330145729974528,2015.5,53.1277,0.0188959,-28.3378,0.029554,4.19097,0.0386876,108.329,0.00923117,7.07593,0.0454961,55.1157,0.0663271,493.0,602.639,0.120752,2.04723,19.0,538.0,10208.0,3.0653,3330.18,15.666,16.6927,14.6586,2.03404,1.02666,1.00738,0.0,0.0,224.477,-54.5032,-45.6907,40.8824,100001.0,3910.71,3646.0,4503.74,0.1455,0.078,0.4342,0.0,0.0,0.0,0.0,0.0,0.0,238.645,236.079,241.268,2.20356,0.0,K9V,LADUMA,LADUMA
2028221,5057435527047323904,2015.5,53.451,0.0273624,-28.0402,0.0446819,4.16153,0.0557229,74.6825,0.01339,12.5469,0.0695706,-9.30636,0.106927,561.0,703.395,0.152078,1.87099,18.0,595.0,4843.47,2.21025,2191.36,16.4755,17.7116,15.3684,2.34327,1.23615,1.10711,0.0,0.0,224.041,-54.1792,-45.5077,41.41,100001.0,3431.0,3399.75,4201.99,0.3013,0.1439,0.4777,0.0,0.0,0.0,0.0,0.0,0.0,240.375,236.642,244.227,3.22071,0.0,M3V,LADUMA,LADUMA
2031232,5057400273955964800,2015.5,52.758,0.0185376,-28.051,0.0326373,4.15879,0.0423821,98.126,0.010191,51.1625,0.0468302,9.56451,0.0735236,679.0,833.39,0.0820069,1.07008,18.0,711.0,9290.09,3.48024,2669.38,15.7683,16.8682,14.7265,2.14165,1.09985,1.0418,0.0,0.0,223.908,-54.7862,-45.3097,40.5855,100001.0,3608.67,3582.0,3777.89,0.257,0.1613,0.4342,0.550395,0.558621,0.502192,0.046284,0.0473487,0.0452194,240.5,237.648,243.422,2.45177,0.0,M1.5V,LADUMA,LADUMA
2098677,5057488505467609856,2015.5,53.2279,0.0450129,-27.9004,0.0745807,4.09959,0.0936434,43.7787,0.0228422,-8.57528,0.103916,28.8871,0.14399,649.0,2240.79,0.532905,30.5601,18.0,694.0,6186.27,5.29387,1168.57,16.2098,17.1202,15.1364,1.98378,0.910391,1.07338,0.0,0.0,223.754,-54.3538,-45.3093,41.2132,102001.0,3836.67,3633.67,4406.87,0.0,0.0,0.0,0.0,0.0,0.0,0.0,0.0,0.0,244.159,237.756,250.917,5.58845,0.0,M0V,LADUMA,LADUMA
2195422,5057482496809678720,2015.5,53.269,0.0104856,-28.0167,0.0174701,4.01944,0.0226514,177.448,0.00563546,42.8547,0.0261757,-15.5103,0.0384727,581.0,511.981,0.0,0.0,18.0,628.0,39646.4,6.4555,6141.5,14.1929,14.9072,13.3869,1.52038,0.714376,0.806005,0.0,0.0,223.961,-54.3348,-45.4312,41.2058,100001.0,4343.0,4276.32,4624.61,0.324,0.1979,0.519,0.644769,0.665034,0.568635,0.133249,0.135199,0.131299,248.805,247.165,250.467,1.4022,0.0,K5.5V,LADUMA,LADUMA
2215619,5057485000774291072,2015.5,53.3103,0.0109956,-27.9078,0.0192858,4.00328,0.0255044,156.964,0.00637087,1.91473,0.0277129,-12.7708,0.0404047,674.0,683.397,0.0,0.0,16.0,707.0,29813.4,5.2978,5627.51,14.5023,15.3358,13.6153,1.7205,0.833478,0.887023,0.0,0.0,223.785,-54.2828,-45.341,41.3072,100001.0,4110.5,3999.67,4226.98,0.681,0.4379,0.9801,0.667171,0.704659,0.630908,0.114485,0.11633,0.112639,249.813,247.953,251.702,1.59167,0.0,K7V,LADUMA,LADUMA
2233395,5057379932990885504,2015.5,52.8035,0.0672015,-28.3501,0.120537,3.98921,0.1604,24.8705,0.0402084,36.1016,0.162947,0.891212,0.250814,531.0,642.723,0.290833,1.31955,18.0,565.0,1131.81,1.06912,1058.65,18.0539,19.499,16.8571,2.64189,1.44503,1.19686,0.0,0.0,224.432,-54.7876,-45.6044,40.4929,0.0,0.0,0.0,0.0,0.0,0.0,0.0,0.0,0.0,0.0,0.0,0.0,0.0,251.415,240.005,263.966,10.1745,3697.48,M1V,LADUMA,LADUMA
2280438,5057428208423104640,2015.5,53.472,0.052711,-28.2527,0.0876699,3.9525,0.113547,34.8094,0.0287279,5.00048,0.14429,-42.2048,0.224243,487.0,601.249,0.303937,2.14732,17.0,535.0,1712.68,1.2165,1407.88,17.6042,19.0311,16.4023,2.62879,1.42694,1.20185,0.0,0.0,224.405,-54.1911,-45.7138,41.3321,0.0,0.0,0.0,0.0,0.0,0.0,0.0,0.0,0.0,0.0,0.0,0.0,0.0,253.384,245.076,262.275,7.30285,3689.65,M1V,LADUMA,LADUMA
2419830,5057511938809222400,2015.5,53.3165,0.0599588,-27.8249,0.102071,3.84925,0.134472,28.6249,0.0349346,32.509,0.152249,-9.79549,0.210873,743.0,852.94,0.245555,1.09994,18.0,785.0,1039.8,0.912719,1139.23,18.146,19.4871,16.9753,2.51174,1.34107,1.17067,0.0,0.0,223.646,-54.2651,-45.2648,41.3544,0.0,0.0,0.0,0.0,0.0,0.0,0.0,0.0,0.0,0.0,0.0,0.0,0.0,260.366,250.048,271.573,9.13986,3672.54,M1.5V,LADUMA,LADUMA
2433778,5057328290304117248,2015.5,52.9406,0.0405975,-28.4641,0.066473,3.83928,0.0841862,45.6047,0.0219276,2.09831,0.0944246,20.5855,0.133097,506.0,725.589,0.327704,4.87451,18.0,537.0,2873.52,1.76414,1628.85,17.0423,18.4828,15.8521,2.63072,1.44048,1.19024,0.0,0.0,224.655,-54.6832,-45.7529,40.599,100001.0,3882.09,3325.5,4183.02,0.4273,0.3109,0.825,0.0,0.0,0.0,0.0,0.0,0.0,260.692,254.123,267.61,5.72694,0.0,M0V,LADUMA,LADUMA
2497015,5057422775287889536,2015.5,53.3288,0.0465476,-28.2823,0.0887172,3.79482,0.112096,33.8533,0.0295392,-38.6026,0.128784,-13.8694,0.225901,440.0,518.586,0.227529,1.53992,16.0,473.0,2263.65,1.54843,1461.9,17.3013,18.4973,16.2159,2.28144,1.196,1.08544,0.0,0.0,224.425,-54.3202,-45.6989,41.1478,0.0,0.0,0.0,0.0,0.0,0.0,0.0,0.0,0.0,0.0,0.0,0.0,0.0,263.933,255.043,273.466,7.82312,3717.12,M1V,LADUMA,LADUMA
2917874,5057383575123140864,2015.5,52.8986,0.0355752,-28.1934,0.0620104,3.53282,0.0820426,43.0608,0.023223,40.1252,0.0939576,33.8093,0.152285,556.0,709.724,0.177056,1.64992,18.0,594.0,3293.65,1.83213,1797.72,16.8942,18.1398,15.7862,2.35352,1.24559,1.10793,0.0,0.0,224.183,-54.6832,-45.486,40.6821,100001.0,3419.5,3398.0,3830.54,0.031,0.0035,0.3656,0.0,0.0,0.0,0.0,0.0,0.0,283.334,275.783,291.311,6.59349,0.0,M3V,LADUMA,LADUMA
2927596,5057480710103288832,2015.5,53.0941,0.0166826,-27.9682,0.029499,3.52736,0.0362053,97.4266,0.0102641,17.341,0.0426087,18.0792,0.0640815,691.0,2484.95,0.0911107,7.39679,17.0,704.0,1093540.0,201.448,5428.41,10.5913,10.8827,10.1657,0.716925,0.291377,0.425548,41.8514,0.319743,223.84,-54.4806,-45.3331,41.0224,100001.0,6052.08,5992.7,6235.59,0.0,0.0,0.0,1.68381,1.71734,1.58616,3.42688,3.47989,3.37386,283.552,280.165,287.022,2.91141,0.0,F9V,LADUMA,LADUMA
270408,5057396803622389376,2015.5,52.817,0.038368,-28.0897,0.0680546,3.34669,0.0890042,37.6015,0.0265947,26.5358,0.0969583,-109.256,0.156184,703.0,776.444,0.133443,0.783803,19.0,737.0,2390.62,1.20208,1988.73,17.2421,18.3643,16.186,2.17835,1.12225,1.0561,0.0,0.0,223.988,-54.74,-45.3639,40.6363,0.0,0.0,0.0,0.0,0.0,0.0,0.0,0.0,0.0,0.0,0.0,0.0,0.0,299.179,290.08,308.868,7.97826,3772.75,M0.5V,LADUMA,LADUMA
282259,5057476071538609408,2015.5,53.1923,0.0593839,-28.077,0.0948665,3.34091,0.125547,26.6109,0.0375785,12.6553,0.153522,-41.254,0.213644,547.0,770.975,0.434559,4.10997,18.0,592.0,1466.89,1.27895,1146.95,17.7724,19.2089,16.5622,2.64673,1.43653,1.2102,0.0,0.0,224.047,-54.4104,-45.4649,41.0859,0.0,0.0,0.0,0.0,0.0,0.0,0.0,0.0,0.0,0.0,0.0,0.0,0.0,300.075,287.316,314.02,11.3389,3693.62,M1V,LADUMA,LADUMA
401237,5057377871406573056,2015.5,53.0037,0.00774158,-28.3269,0.0131665,3.28386,0.0159095,206.408,0.00484476,46.0653,0.0175846,-3.89366,0.0251615,547.0,423.173,0.0,0.0,19.0,581.0,110735.0,20.0669,5518.31,13.0777,13.5527,12.4647,1.08807,0.475095,0.61297,0.0,0.0,224.433,-54.6098,-45.6431,40.741,100001.0,4989.33,4894.0,5041.75,0.183,0.133,0.2661,0.896625,0.931897,0.878078,0.448835,0.455211,0.442459,304.532,302.805,306.279,1.47541,0.0,K2.5V,LADUMA,LADUMA
481863,5057481397298050688,2015.5,53.3163,0.0142799,-28.0592,0.0230395,3.24625,0.0287665,112.848,0.00886145,-6.52876,0.0346154,-6.79928,0.0509197,529.0,1356.67,0.151895,9.0938,18.0,573.0,58745.4,26.4768,2218.75,13.7659,14.3525,13.0322,1.32034,0.586574,0.733765,0.0,0.0,224.043,-54.2996,-45.4852,41.2413,100001.0,4841.5,4495.0,4979.42,0.503,0.293,0.7255,0.714241,0.8286,0.675223,0.252524,0.258012,0.247037,308.091,304.909,311.34,2.73076,0.0,K3V,LADUMA,LADUMA
486239,5057324888690066048,2015.5,53.1874,0.0384412,-28.5042,0.0585681,3.2443,0.0814622,39.8258,0.0251093,-21.1608,0.0841744,-1.43857,0.12362,422.0,449.776,0.0,3.94613e-15,18.0,457.0,2921.13,1.75038,1668.85,17.0245,18.1247,15.9794,2.14525,1.10017,1.04508,0.0,0.0,224.773,-54.4735,-45.865,40.8716,100001.0,3602.0,3537.0,4055.65,0.146,0.007,0.3446,0.0,0.0,0.0,0.0,0.0,0.0,308.578,299.703,317.994,7.76686,0.0,M1.5V,LADUMA,LADUMA
627399,5057481019340930560,2015.5,53.2727,0.0603195,-28.0743,0.0969016,3.18112,0.125479,25.3519,0.0394448,21.5911,0.156553,14.3467,0.229627,538.0,604.819,0.238851,1.13999,17.0,566.0,1337.95,1.15798,1155.42,17.8723,19.2554,16.6833,2.57211,1.38314,1.18896,0.0,0.0,224.06,-54.3398,-45.4864,41.1824,0.0,0.0,0.0,0.0,0.0,0.0,0.0,0.0,0.0,0.0,0.0,0.0,0.0,315.224,301.181,330.641,12.5096,3676.78,M1V,LADUMA,LADUMA
640746,5057490262110565632,2015.5,52.9564,0.00931211,-28.0476,0.0168409,3.17527,0.0210278,151.004,0.00662235,18.2354,0.0236947,-15.4669,0.0392318,681.0,441.402,0.0,1.54823e-15,19.0,730.0,46663.0,9.5427,4889.91,14.0159,14.5847,13.3203,1.26445,0.568799,0.695647,0.0,0.0,223.946,-54.6123,-45.3663,40.8213,100001.0,5055.0,4893.0,5106.0,0.1647,0.016,0.3491,0.582391,0.621593,0.570815,0.19953,0.203066,0.195994,314.958,312.521,317.433,2.08596,0.0,K2V,LADUMA,LADUMA
642468,5057474319191959040,2015.5,53.1708,0.0476706,-28.1716,0.0807316,3.17451,0.099757,31.8224,0.0314244,12.7697,0.124922,-26.015,0.185758,572.0,727.74,0.303717,2.73058,18.0,615.0,1875.28,1.28443,1460.01,17.5057,18.8623,16.3366,2.5257,1.3566,1.1691,0.0,0.0,224.203,-54.4426,-45.5474,41.0146,0.0,0.0,0.0,0.0,0.0,0.0,0.0,0.0,0.0,0.0,0.0,0.0,0.0,315.561,304.274,327.716,9.95415,3673.18,M1.5V,LADUMA,LADUMA
922381,5057504177804546944,2015.5,52.9292,0.0123138,-27.7993,0.0220059,3.05848,0.0287204,106.491,0.00939043,-7.8922,0.0357936,-42.5557,0.0567368,681.0,621.556,0.0,0.0,16.0,716.0,21931.7,4.37863,5008.8,14.8357,15.5558,14.0232,1.53252,0.720084,0.812437,0.0,0.0,223.515,-54.6001,-45.1247,40.9092,100001.0,4351.33,4257.22,4410.0,0.271,0.2189,0.4622,0.62658,0.654591,0.61002,0.126805,0.129726,0.123885,327.011,323.434,330.668,3.0716,0.0,K5.5V,LADUMA,LADUMA
985891,5057377660951712000,2015.5,53.0114,0.0482172,-28.3317,0.0783739,3.03364,0.100945,30.0523,0.0332753,18.1735,0.111207,-4.26857,0.161698,524.0,704.16,0.340653,3.79527,19.0,552.0,2189.99,1.38515,1581.05,17.3373,18.4821,16.2648,2.21726,1.14485,1.07241,0.0,0.0,224.443,-54.6038,-45.6499,40.7477,0.0,0.0,0.0,0.0,0.0,0.0,0.0,0.0,0.0,0.0,0.0,0.0,0.0,330.28,317.795,343.787,11.0371,3753.5,M0.5V,LADUMA,LADUMA
1248810,5057328423446585984,2015.5,52.9561,0.0690655,-28.4394,0.112281,2.93562,0.14383,20.4103,0.0489947,38.449,0.152107,-81.2138,0.221826,487.0,610.212,0.426241,3.22981,18.0,518.0,1302.54,1.13571,1146.89,17.9014,19.1965,16.7472,2.4493,1.29508,1.15422,0.0,0.0,224.616,-54.6665,-45.7344,40.6294,0.0,0.0,0.0,0.0,0.0,0.0,0.0,0.0,0.0,0.0,0.0,0.0,0.0,342.084,323.321,363.162,16.9176,3676.9,M1V,LADUMA,LADUMA
1385633,5057477652086586112,2015.5,52.9765,0.0138434,-28.1304,0.0246648,2.88731,0.0302233,95.5326,0.0104676,4.10454,0.0341724,4.96476,0.0530533,611.0,1485.66,0.0,0.362889,19.0,607.0,1538640.0,340.567,4517.87,10.2205,10.4839,9.82817,0.655719,0.263362,0.392357,26.0473,0.410724,224.091,-54.6065,-45.4502,40.8048,100001.0,6338.75,6256.4,6479.42,0.0,0.0,0.0,2.21714,2.27589,2.12191,7.14982,7.26949,7.03015,346.409,342.191,350.733,3.62735,0.0,F6V,LADUMA,LADUMA
1503161,5057484004341860352,2015.5,53.3975,0.0654876,-27.9335,0.110402,2.84745,0.13675,20.8223,0.0480254,23.6169,0.162012,-22.1498,0.246596,614.0,667.508,0.235129,0.838225,19.0,636.0,981.445,0.925094,1060.91,18.2087,19.5869,17.035,2.55194,1.37823,1.1737,0.0,0.0,223.848,-54.2104,-45.3912,41.398,0.0,0.0,0.0,0.0,0.0,0.0,0.0,0.0,0.0,0.0,0.0,0.0,0.0,352.611,333.638,373.876,17.0862,3675.88,M1V,LADUMA,LADUMA
1643550,5057435836284972032,2015.5,53.3896,0.0128179,-28.0498,0.0215126,2.80116,0.0264748,105.805,0.00945137,12.3225,0.0325732,-20.7897,0.0505179,565.0,548.213,0.0,0.0,18.0,593.0,19809.0,4.43945,4462.03,14.9462,15.7857,14.0397,1.74599,0.839466,0.906524,0.0,0.0,224.044,-54.2343,-45.4984,41.3326,100001.0,4080.67,3859.0,4469.62,1.2965,1.2434,1.5881,0.795878,0.889937,0.663386,0.158238,0.161985,0.154492,357.05,353.119,361.069,3.37552,0.0,K7V,LADUMA,LADUMA
1751514,5057383781281570560,2015.5,52.8868,0.00882444,-28.1741,0.0159854,2.76679,0.0199768,138.5,0.0072202,3.18224,0.0213668,-53.4617,0.0350816,626.0,402.521,0.0,1.61816e-15,19.0,672.0,58641.6,7.2014,8143.09,13.7679,14.3086,13.0904,1.21817,0.540725,0.677446,0.0,0.0,224.147,-54.6909,-45.4643,40.6775,100001.0,5154.66,4984.34,5210.0,0.441,0.148,0.714,0.713899,0.763519,0.698812,0.324165,0.330528,0.317802,361.463,358.415,364.562,2.61016,0.0,K1.5V,LADUMA,LADUMA
1759550,5057330317528672128,2015.5,53.0634,0.0193044,-28.3957,0.0318097,2.76427,0.0409214,67.5507,0.0148037,23.6137,0.0417096,7.90045,0.0633767,475.0,522.174,0.0466332,0.312583,18.0,522.0,10471.5,3.37728,3100.57,15.6383,16.5698,14.6846,1.88521,0.931494,0.953719,0.0,0.0,224.563,-54.567,-45.7258,40.778,100001.0,3900.0,3772.0,4414.92,0.7953,0.521,1.0257,0.680337,0.727293,0.530895,0.0964719,0.0997155,0.0932283,361.897,355.693,368.32,5.36152,0.0,M0V,LADUMA,LADUMA
1882384,5057377321650762880,2015.5,52.9053,0.0367856,-28.3198,0.0651808,2.72646,0.0847149,32.1839,0.0310714,-7.3166,0.0851121,1.78373,0.128735,561.0,699.403,0.217826,2.31545,18.0,578.0,3089.17,1.72788,1787.84,16.9638,18.1396,15.8777,2.26181,1.1758,1.08602,0.0,0.0,224.401,-54.6947,-45.6068,40.6282,100001.0,3748.88,3466.0,4635.69,0.07,0.028,0.4041,0.0,0.0,0.0,0.0,0.0,0.0,367.39,354.394,381.375,11.457,0.0,M1V,LADUMA,LADUMA
1909228,5057410306999419008,2015.5,53.4304,0.0119155,-28.3226,0.0193213,2.71816,0.0250186,108.646,0.00920421,18.472,0.0310431,30.8974,0.0485145,468.0,372.889,0.0,0.0,18.0,519.0,26597.5,5.93285,4483.1,14.6263,15.2573,13.8814,1.37585,0.630993,0.744862,0.0,0.0,224.514,-54.2371,-45.7671,41.2488,100001.0,4812.0,4524.67,4964.65,0.1475,0.0879,0.2227,0.583347,0.659788,0.548025,0.164381,0.16823,0.160533,367.949,364.004,371.981,3.38753,0.0,K3V,LADUMA,LADUMA
2113482,5057324648171899776,2015.5,53.0851,0.0484345,-28.4745,0.0733563,2.65817,0.097278,27.3255,0.0365959,5.03585,0.10796,-9.53378,0.150526,438.0,537.493,0.242146,1.78712,17.0,489.0,2120.9,1.71513,1236.59,17.3721,18.745,16.2048,2.54024,1.37296,1.16727,0.0,0.0,224.702,-54.5587,-45.8062,40.7649,0.0,0.0,0.0,0.0,0.0,0.0,0.0,0.0,0.0,0.0,0.0,0.0,0.0,377.069,361.445,394.107,13.8695,3675.03,M1V,LADUMA,LADUMA
2164291,5057435939364186240,2015.5,53.3949,0.0138076,-28.0366,0.0225208,2.6436,0.0274562,96.2843,0.0103859,21.7075,0.0347397,-3.48651,0.0512616,524.0,855.476,0.0,0.0,18.0,559.0,172183.0,17.9783,9577.25,12.5984,12.9349,12.0984,0.836507,0.336551,0.499956,10.479,1.5236,224.022,-54.2278,-45.4874,41.3452,100001.0,5791.0,5694.0,5840.0,0.0677,0.017,0.1373,0.979534,1.01319,0.963165,0.972182,0.988874,0.95549,378.343,373.771,383.028,3.93076,0.0,G2V,LADUMA,LADUMA
2172936,5057496103266032256,2015.5,52.8341,0.0408454,-27.881,0.0729443,2.64114,0.092516,28.5479,0.0350288,32.9795,0.112055,16.0759,0.177601,711.0,788.719,0.0,0.0,17.0,756.0,2161.45,1.47932,1461.11,17.3515,18.5608,16.2475,2.31328,1.20927,1.10401,0.0,0.0,223.634,-54.6952,-45.1729,40.7578,0.0,0.0,0.0,0.0,0.0,0.0,0.0,0.0,0.0,0.0,0.0,0.0,0.0,379.426,364.354,395.799,13.3527,3709.38,M1V,LADUMA,LADUMA
2416620,5057495828388125568,2015.5,52.86,0.0171843,-27.9139,0.0275769,2.57424,0.0342812,75.0918,0.013317,4.33339,0.0471857,3.63106,0.0691866,692.0,2298.61,0.11927,12.2457,18.0,685.0,494926.0,239.574,2065.86,11.452,11.7354,11.0377,0.697698,0.283364,0.414333,48.6038,0.512394,223.696,-54.6774,-45.2117,40.7723,100001.0,6001.27,5755.84,6216.6,0.4945,0.3524,0.6316,1.58001,1.71763,1.47245,2.91735,2.97694,2.85776,388.583,382.582,394.775,5.17788,0.0,F9V,LADUMA,LADUMA
2874630,5057326709756197248,2015.5,53.15,0.0131555,-28.4048,0.0201545,2.4577,0.0258435,95.0997,0.0105153,56.5684,0.0312894,-17.3459,0.043949,488.0,995.418,0.0,0.0,19.0,470.0,345114.0,86.8777,3972.42,11.8435,12.3142,11.2391,1.07512,0.470752,0.604371,67.455,0.546901,224.596,-54.4928,-45.7603,40.876,100001.0,5161.47,5013.67,5438.0,0.0,0.0,0.0,1.94338,2.05965,1.75076,2.41492,2.45783,2.37202,406.96,401.982,412.063,4.28077,0.0,K1V,LADUMA,LADUMA
2915299,5057401098589685504,2015.5,52.743,0.0430797,-28.0274,0.0754344,2.44793,0.091562,26.7353,0.0374038,13.7704,0.110814,-0.604095,0.182049,677.0,779.331,0.181442,1.26546,19.0,707.0,2105.49,1.23669,1702.53,17.38,18.6347,16.2532,2.38152,1.25472,1.1268,0.0,0.0,223.865,-54.7959,-45.283,40.5793,0.0,0.0,0.0,0.0,0.0,0.0,0.0,0.0,0.0,0.0,0.0,0.0,0.0,409.482,392.154,428.413,15.3967,3688.31,M1V,LADUMA,LADUMA
2940400,5057427310773401216,2015.5,53.1947,0.0565326,-28.1899,0.0938392,2.442,0.115914,21.0673,0.047467,18.7474,0.151414,0.00250399,0.221976,521.0,598.568,0.196909,0.825786,18.0,564.0,1481.59,1.19326,1241.63,17.7615,19.118,16.598,2.52001,1.35643,1.16358,0.0,0.0,224.239,-54.4243,-45.5718,41.034,0.0,0.0,0.0,0.0,0.0,0.0,0.0,0.0,0.0,0.0,0.0,0.0,0.0,411.076,389.207,435.552,19.6794,3673.17,M1.5V,LADUMA,LADUMA
34747,5057382132014132992,2015.5,52.8887,0.0381288,-28.2669,0.0691319,2.41985,0.0908701,26.6298,0.037552,15.928,0.0915007,0.214968,0.155655,581.0,693.705,0.161752,1.11242,19.0,628.0,2610.98,1.47196,1773.81,17.1464,18.3734,16.0323,2.34116,1.22708,1.11408,0.0,0.0,224.307,-54.702,-45.5521,40.6344,0.0,0.0,0.0,0.0,0.0,0.0,0.0,0.0,0.0,0.0,0.0,0.0,0.0,414.24,396.644,433.471,15.6378,3700.11,M1V,LADUMA,LADUMA
537904,5057426692298102016,2015.5,53.2909,0.0440472,-28.2055,0.0703232,2.30837,0.0887457,26.011,0.0384452,14.8684,0.117387,-13.3328,0.169979,537.0,625.615,0.208962,1.45538,18.0,555.0,2137.34,1.4729,1451.11,17.3637,18.5416,16.277,2.26454,1.17787,1.08667,0.0,0.0,224.286,-54.3425,-45.6153,41.1403,0.0,0.0,0.0,0.0,0.0,0.0,0.0,0.0,0.0,0.0,0.0,0.0,0.0,434.286,415.417,454.953,16.7881,3728.85,M1V,LADUMA,LADUMA
555498,5057435836283586304,2015.5,53.3895,0.0499929,-28.0492,0.0810657,2.30467,0.101984,22.5983,0.0442512,11.2083,0.128805,-20.5169,0.194171,569.0,1166.91,0.558913,13.8174,18.0,602.0,2701.9,2.65826,1016.42,17.1092,18.3381,15.8804,2.45769,1.22887,1.22882,0.0,0.0,224.042,-54.2343,-45.4977,41.3328,0.0,0.0,0.0,0.0,0.0,0.0,0.0,0.0,0.0,0.0,0.0,0.0,0.0,435.336,413.683,459.383,19.4055,3699.25,M1V,LADUMA,LADUMA
565868,5057479919829312640,2015.5,53.055,0.0209906,-28.0423,0.0368325,2.30251,0.047661,48.3102,0.0206996,10.0447,0.0564522,-19.4213,0.0820897,655.0,597.399,0.0,0.0,18.0,685.0,6965.22,2.63775,2640.59,16.081,16.9616,15.1509,1.81079,0.880621,0.930168,0.0,0.0,223.958,-54.5254,-45.391,40.9404,100001.0,3901.02,3860.0,3971.4,0.6807,0.4129,0.8511,0.665565,0.679784,0.642181,0.0924243,0.09662,0.0882287,434.621,424.27,445.49,9.01025,0.0,M0V,LADUMA,LADUMA
895788,5057378730400031104,2015.5,52.9901,0.0127347,-28.2913,0.0218502,2.23582,0.026223,85.2618,0.0117286,-5.35686,0.0315366,-5.67553,0.0436626,569.0,1267.45,0.0,2.42051e-15,19.0,563.0,435162.0,143.144,3040.04,11.5917,11.8294,11.2104,0.619024,0.237667,0.381357,16.476,0.683153,224.37,-54.6169,-45.6056,40.7423,100001.0,6845.0,6602.0,6995.48,0.0,0.0,0.0,1.30565,1.40353,1.25008,3.37162,3.43808,3.30516,447.366,441.27,453.632,5.24926,0.0,F2V,LADUMA,LADUMA
998815,5057478717238470656,2015.5,53.0786,0.00915519,-28.0878,0.0157039,2.21585,0.0198892,111.41,0.00897586,47.4228,0.0242966,-6.81173,0.0343559,596.0,399.44,0.0,1.65618e-15,18.0,625.0,57935.1,7.4925,7732.41,13.781,14.1968,13.2142,0.982582,0.415769,0.566813,0.0,0.0,224.041,-54.5113,-45.4409,40.9462,100001.0,5341.67,5329.75,5357.67,0.0167,0.008,0.0921,0.813419,0.81706,0.808568,0.485322,0.497181,0.473463,451.355,446.634,456.177,4.0522,0.0,G9V,LADUMA,LADUMA
1017123,5057432915707214848,2015.5,53.3458,0.00855498,-28.1412,0.0144489,2.21233,0.0177063,124.946,0.00800347,8.87638,0.0231569,-0.944121,0.0353883,510.0,675.645,0.0333601,0.536315,17.0,526.0,108877.0,24.46,4451.21,13.096,13.4247,12.6087,0.815969,0.328637,0.487332,0.0,0.0,224.189,-54.2856,-45.5712,41.2365,100001.0,5842.0,5791.67,5928.5,0.04,0.004,0.12,0.913257,0.9292,0.886802,0.875239,0.895043,0.855436,452.061,447.84,456.362,3.61864,0.0,G1V,LADUMA,LADUMA
1056456,5057481019340930944,2015.5,53.2643,0.0141906,-28.0787,0.0237711,2.20475,0.0294428,74.8826,0.0133542,16.761,0.0362951,-5.813,0.0540102,521.0,1269.77,0.0,0.0,17.0,525.0,336686.0,74.2189,4536.39,11.8703,12.1582,11.4315,0.726667,0.287848,0.43882,65.4942,0.942444,224.065,-54.3478,-45.4881,41.1702,100001.0,6021.63,5647.5,6496.75,0.0,0.0,0.0,1.51073,1.71753,1.29785,2.7035,2.76174,2.64525,453.701,446.675,460.952,6.06239,0.0,F9V,LADUMA,LADUMA
1354300,5057431472598243968,2015.5,53.5027,0.0168196,-28.1333,0.0282437,2.14971,0.0339236,63.3693,0.0157805,39.7024,0.0425799,-112.535,0.0667725,527.0,430.938,0.0,1.76946e-15,18.0,570.0,11773.0,3.37476,3488.56,15.5111,16.1692,14.7323,1.43689,0.658027,0.778859,0.0,0.0,224.209,-54.1475,-45.6106,41.4264,100001.0,4519.79,4392.0,4827.0,0.1513,0.054,0.48,0.583811,0.618279,0.511864,0.128148,0.132918,0.123379,465.37,456.877,474.186,7.34999,0.0,K4.5V,LADUMA,LADUMA
1389713,5057420271323551232,2015.5,53.2912,0.0138339,-28.351,0.0223357,2.14335,0.0281383,76.172,0.0131282,-9.01766,0.0323033,-21.0435,0.0497116,477.0,996.152,0.0,0.0,19.0,462.0,342558.0,83.2375,4115.43,11.8515,12.253,11.3019,0.951074,0.401492,0.549582,-9.79722,0.635006,224.534,-54.3624,-45.7522,41.0698,100001.0,5378.0,5331.0,5497.02,0.0,0.0,0.0,2.01262,2.04826,1.92641,3.05282,3.11851,2.98713,466.693,459.586,474.023,6.13026,0.0,G9V,LADUMA,LADUMA
1470277,5057488956440487424,2015.5,53.2313,0.0182112,-27.8518,0.0299303,2.12904,0.0378247,56.287,0.0177661,3.78289,0.0465849,-5.19317,0.0681975,705.0,757.869,0.0,0.0,19.0,742.0,7949.84,2.2182,3583.91,15.9375,16.7116,15.0835,1.62814,0.774133,0.854003,0.0,0.0,223.673,-54.3436,-45.2647,41.2406,100001.0,4215.5,4139.64,4336.33,0.017,0.0,0.3631,0.597645,0.619749,0.564802,0.10162,0.105782,0.0974575,469.94,460.305,479.988,8.35811,0.0,K6V,LADUMA,LADUMA
1530922,5057422161109155200,2015.5,53.4263,0.0217653,-28.301,0.0352251,2.1184,0.0461566,45.8958,0.0217885,57.7324,0.0575252,-35.4918,0.0887945,459.0,475.338,0.0,0.0,17.0,499.0,7410.87,2.64778,2798.9,16.0137,16.704,15.2123,1.4917,0.690281,0.801416,0.0,0.0,224.477,-54.2377,-45.7456,41.2544,100001.0,4520.58,4349.08,4798.92,0.046,0.0037,0.3471,0.0,0.0,0.0,0.0,0.0,0.0,472.426,460.597,484.878,10.3107,0.0,K4.5V,LADUMA,LADUMA
1866750,5057425494003740800,2015.5,53.1835,0.0137544,-28.2575,0.023395,2.0616,0.028673,71.9003,0.0139082,-12.7552,0.0340893,-25.2132,0.0545838,520.0,436.774,0.0,0.0,19.0,560.0,17159.9,4.14769,4137.22,15.1021,15.7195,14.3658,1.35363,0.617378,0.736255,0.0,0.0,224.352,-54.4435,-45.6319,40.9878,100001.0,4924.67,4781.4,4981.0,0.188,0.1176,0.4008,0.581365,0.616727,0.568289,0.179101,0.185214,0.172989,485.214,477.393,493.296,6.75271,0.0,K2.5V,LADUMA,LADUMA
2232247,5057329527254744960,2015.5,53.097,0.0148796,-28.3982,0.021279,2.00364,0.0281502,71.1767,0.0140495,-5.28377,0.0338767,3.08605,0.0457761,474.0,1065.52,0.0,0.0,18.0,471.0,464322.0,203.501,2281.67,11.5213,11.9001,10.9977,0.9024,0.378803,0.523597,7.89956,0.53907,224.574,-54.5381,-45.7382,40.8165,100001.0,5833.52,5468.0,6700.13,1.3165,0.8257,1.7961,2.08895,2.37756,1.58352,4.55275,4.65758,4.44791,499.253,491.126,507.655,7.0188,0.0,G1V,LADUMA,LADUMA
2874845,5057476346416516864,2015.5,53.1646,0.00905217,-28.0507,0.0149673,1.90972,0.0192901,98.9999,0.010101,7.27013,0.0236804,8.14335,0.0338543,587.0,468.621,0.0,0.0,18.0,630.0,52980.9,7.5279,7037.94,13.8781,14.2748,13.3311,0.943677,0.396733,0.546944,0.0,0.0,223.996,-54.4309,-45.4318,41.0658,100001.0,5394.0,5361.5,5442.0,0.0945,0.0335,0.249,0.88221,0.892938,0.866716,0.593585,0.610067,0.577103,523.724,517.567,530.029,5.29169,0.0,G9V,LADUMA,LADUMA
129112,5057476277697040896,2015.5,53.1686,0.0166575,-28.066,0.0268554,1.87534,0.0359705,52.1355,0.0191808,-1.1681,0.0437606,4.13793,0.0599701,587.0,544.13,0.0,0.0,18.0,626.0,10918.4,3.51822,3103.38,15.593,16.369,14.7345,1.63454,0.77603,0.858514,0.0,0.0,224.023,-54.4296,-45.4474,41.0632,100001.0,4255.0,4008.24,4477.08,0.0,0.0,0.0,0.772281,0.870297,0.697564,0.176134,0.184003,0.168265,533.552,521.759,545.89,10.2467,0.0,K6V,LADUMA,LADUMA
150045,5057428311502321664,2015.5,53.4194,0.0108132,-28.2582,0.01752,1.87256,0.0219908,85.152,0.0117437,11.6995,0.0280993,-12.4552,0.042279,467.0,713.514,0.0,0.0,18.0,487.0,120472.0,24.0405,5011.2,12.9861,13.3165,12.5001,0.816479,0.330398,0.486081,0.0,0.0,224.403,-54.2378,-45.7033,41.267,100001.0,5834.5,5804.0,5869.75,0.174,0.0,0.3383,1.13812,1.15011,1.12449,1.35233,1.38713,1.31753,534.146,526.859,541.638,6.27549,0.0,G1V,LADUMA,LADUMA
176323,5057426593515359616,2015.5,53.3218,0.0135387,-28.2073,0.0221114,1.8691,0.0275923,67.7397,0.0147624,10.8072,0.0369553,3.03097,0.0558425,518.0,419.872,0.0,0.0,18.0,551.0,18185.7,4.28726,4241.8,15.039,15.6231,14.329,1.29412,0.584091,0.710026,0.0,0.0,224.296,-54.3159,-45.6262,41.1759,100001.0,5018.68,4909.36,5129.5,0.285,0.0834,0.5523,0.628963,0.657286,0.602079,0.226101,0.234371,0.21783,535.205,526.057,544.677,7.9065,0.0,K2V,LADUMA,LADUMA
205265,5057424531931068416,2015.5,53.1823,0.0122546,-28.2982,0.0214892,1.8653,0.026086,71.5058,0.0139849,-1.00415,0.0301258,6.15766,0.0467335,519.0,432.443,0.0,0.0,19.0,565.0,21831.8,4.65538,4689.58,14.8406,15.4357,14.126,1.30978,0.595094,0.714682,0.0,0.0,224.421,-54.4501,-45.6698,40.9665,100001.0,5006.5,4762.38,5044.0,0.556,0.3103,0.7459,0.694797,0.767855,0.684505,0.273242,0.282852,0.263633,536.274,527.583,545.256,7.50443,0.0,K2.5V,LADUMA,LADUMA
289480,5057396494384745984,2015.5,52.7454,0.039804,-28.1233,0.0714011,1.85426,0.0919342,20.1694,0.04958,26.4146,0.0960863,8.70465,0.151167,724.0,749.94,0.0,0.0,18.0,771.0,2188.14,1.22772,1782.27,17.3382,18.3879,16.3154,2.07248,1.04969,1.02279,0.0,0.0,224.03,-54.8073,-45.3738,40.5354,0.0,0.0,0.0,0.0,0.0,0.0,0.0,0.0,0.0,0.0,0.0,0.0,0.0,541.435,511.419,575.197,27.0821,3847.06,M0V,LADUMA,LADUMA
374785,5057383678202352768,2015.5,52.9383,0.013248,-28.1673,0.023941,1.84332,0.0298487,61.7555,0.0161929,2.28223,0.0320305,-5.80808,0.0520292,571.0,1034.41,0.0,0.0,19.0,575.0,147295.0,17.5435,8396.02,12.7679,13.0462,12.3175,0.728714,0.278297,0.450417,0.0,0.0,224.146,-54.645,-45.4734,40.7416,100001.0,6131.27,5847.5,6351.33,0.0962,0.0082,0.3006,1.15082,1.26523,1.07246,1.68622,1.73171,1.64072,542.726,532.566,553.281,8.7959,0.0,F8V,LADUMA,LADUMA
525249,5057475246904889728,2015.5,53.2053,0.0169258,-28.1025,0.0281535,1.82426,0.0363653,50.165,0.0199342,11.1949,0.0458868,4.6826,0.0629476,525.0,457.985,0.0,0.0,18.0,566.0,12033.2,3.9454,3049.93,15.4874,16.0858,14.7645,1.32129,0.598384,0.722907,0.0,0.0,224.093,-54.4028,-45.4927,41.0889,100001.0,4955.49,4913.73,5028.0,0.0,0.0,0.0,0.541395,0.550635,0.525892,0.159246,0.166623,0.151869,548.514,535.925,561.709,10.9489,0.0,K2.5V,LADUMA,LADUMA
707398,5057476621294434944,2015.5,53.015,0.0269369,-28.1611,0.0483636,1.80166,0.0636294,28.3149,0.0353171,21.0704,0.0707374,5.23795,0.103899,583.0,647.305,0.071614,0.392437,18.0,604.0,4543.83,2.02483,2244.06,16.5448,17.4253,15.6164,1.80881,0.880445,0.928367,0.0,0.0,224.152,-54.5771,-45.4907,40.8353,100001.0,3928.0,3900.0,4036.48,0.6087,0.266,0.9028,0.671459,0.681135,0.635852,0.0966985,0.103978,0.0894188,556.147,533.886,580.345,19.7278,0.0,K9V,LADUMA,LADUMA
739523,5057436042443401856,2015.5,53.3791,0.0140439,-28.0333,0.0224585,1.79781,0.0273875,65.6434,0.0152338,-5.59137,0.0350309,-12.4403,0.0517941,521.0,499.72,0.0,0.0,18.0,535.0,18835.2,4.23371,4448.87,15.0009,15.5571,14.3128,1.24422,0.556124,0.688094,0.0,0.0,224.013,-54.2411,-45.4797,41.3281,100001.0,4995.33,4846.61,5086.25,0.2283,0.1264,0.352,0.673391,0.715353,0.649533,0.254383,0.264003,0.244762,556.438,546.629,566.606,8.48306,0.0,K2.5V,LADUMA,LADUMA
1035858,5057476037178870144,2015.5,53.2051,0.0150258,-28.0719,0.0250458,1.76261,0.0327687,53.7894,0.018591,11.1023,0.0393881,4.58281,0.0544886,589.0,1519.22,0.0763202,4.46276,18.0,581.0,579913.0,215.19,2694.89,11.28,11.5331,10.8892,0.643915,0.253165,0.39075,21.7733,0.467873,224.041,-54.3985,-45.4639,41.1036,100001.0,6550.21,6377.34,6824.57,0.0,0.0,0.0,2.08642,2.20107,1.92204,7.21969,7.42858,7.01081,567.652,555.484,580.365,10.5654,0.0,F5V,LADUMA,LADUMA
1073666,5057482737327847552,2015.5,53.2348,0.0198389,-28.0078,0.0314336,1.75822,0.0404754,43.4392,0.0230207,-5.82478,0.0493903,21.8762,0.0660893,585.0,598.623,0.0,0.0,18.0,633.0,8750.38,2.82914,3092.95,15.8333,16.442,15.1009,1.34105,0.608655,0.732391,0.0,0.0,223.938,-54.3634,-45.4125,41.1696,100001.0,4951.67,4865.0,4997.67,0.039,0.0023,0.3434,0.0,0.0,0.0,0.0,0.0,0.0,569.235,554.196,585.112,13.1279,0.0,K2.5V,LADUMA,LADUMA
1124967,5057435320888890752,2015.5,53.5065,0.018602,-28.0421,0.0312018,1.75234,0.0395708,44.2837,0.0225817,4.55145,0.0464048,-1.31556,0.0758719,509.0,544.495,0.0,0.0,18.0,544.0,10571.1,3.21995,3282.99,15.6281,16.3146,14.8344,1.4802,0.686559,0.793636,0.0,0.0,224.056,-54.1311,-45.526,41.4748,100001.0,4489.25,4377.5,4851.95,0.0,0.0,0.0,0.692114,0.727902,0.592506,0.175285,0.184331,0.166239,571.124,556.317,586.742,12.9193,0.0,K4.5V,LADUMA,LADUMA
1185399,5057433705981196928,2015.5,53.3307,0.0306774,-28.1193,0.0481365,1.74541,0.0619914,28.1557,0.0355167,21.1592,0.0825731,-8.80856,0.122144,531.0,555.887,0.0,0.0,17.0,565.0,3666.85,1.83325,2000.19,16.7776,17.6842,15.8268,1.85749,0.90661,0.95088,0.0,0.0,224.148,-54.2956,-45.5461,41.2292,100001.0,3994.07,3865.0,4556.63,0.3925,0.303,0.6985,0.588883,0.62887,0.452452,0.0795086,0.0855452,0.073472,574.073,550.97,599.199,20.4792,0.0,K8V,LADUMA,LADUMA
1439824,5057490055952136576,2015.5,52.9214,0.0147968,-28.0521,0.0267005,1.71694,0.032941,52.1215,0.0191859,7.57122,0.0383106,10.0847,0.0674536,668.0,581.918,0.0,0.0,19.0,708.0,13467.2,3.42917,3927.24,15.3652,15.9261,14.6649,1.26126,0.560964,0.700295,0.0,0.0,223.946,-54.6435,-45.36,40.7778,100001.0,5016.93,4768.61,5083.0,0.1765,0.016,0.3498,0.589738,0.652755,0.574505,0.198501,0.207468,0.189535,582.77,569.886,596.249,11.1947,0.0,K2V,LADUMA,LADUMA
1710229,5057474800228291840,2015.5,53.2218,0.0179235,-28.143,0.0297099,1.68776,0.0368221,45.8354,0.0218172,3.21215,0.049474,1.25223,0.0776134,525.0,539.584,0.0550587,0.440205,18.0,570.0,10047.3,3.21937,3120.89,15.6832,16.2999,14.9448,1.35506,0.61664,0.738421,0.0,0.0,224.165,-54.3941,-45.5358,41.0887,100001.0,4919.33,4750.67,5015.0,0.1475,0.0633,0.255,0.544914,0.584294,0.524323,0.156667,0.164589,0.148744,592.943,578.079,608.592,12.957,0.0,K2.5V,LADUMA,LADUMA
1716678,5057427486868560128,2015.5,53.2652,0.0126024,-28.2024,0.02023,1.68708,0.0251581,67.0588,0.0149123,9.58431,0.0329616,-2.90281,0.0477854,476.0,459.953,0.0,0.0,18.0,516.0,22680.2,4.85711,4669.48,14.7992,15.34,14.1146,1.22539,0.540755,0.684634,0.0,0.0,224.276,-54.3646,-45.6046,41.1113,100001.0,4881.0,4828.53,5116.0,0.422,0.3446,0.6008,0.835888,0.854153,0.760859,0.357294,0.370826,0.343763,592.947,582.711,603.549,8.84843,0.0,K3V,LADUMA,LADUMA
1847949,5057494350919379200,2015.5,52.7877,0.00916802,-27.9894,0.0165757,1.6733,0.0207082,80.8036,0.0123757,-3.57695,0.0240022,0.188366,0.0410553,703.0,917.033,0.0687877,2.54575,19.0,755.0,75270.4,10.5929,7105.72,13.4968,13.8019,13.0128,0.789067,0.3051,0.483967,0.0,0.0,223.809,-54.7514,-45.2608,40.6505,100001.0,5880.25,5783.0,6160.0,0.026,0.008,0.1678,0.989959,1.02353,0.902085,1.05563,1.09051,1.02076,597.766,589.178,606.607,7.40116,0.0,G1V,LADUMA,LADUMA
2033079,5057426284277718528,2015.5,53.2673,0.00908571,-28.2242,0.0148839,1.65426,0.0184832,89.5007,0.0111731,14.9538,0.023696,7.8882,0.0346209,529.0,766.388,0.0,0.0,18.0,544.0,116611.0,26.0865,4470.15,13.0215,13.3824,12.5051,0.87732,0.360895,0.516425,0.0,0.0,224.313,-54.3657,-45.6258,41.1032,100001.0,5520.49,5355.41,5775.0,0.0,0.0,0.0,1.43256,1.52224,1.30907,1.71723,1.76501,1.66945,604.618,596.765,612.68,6.75788,0.0,G7V,LADUMA,LADUMA
2201784,5057422917023403776,2015.5,53.2851,0.023918,-28.2729,0.0390509,1.63734,0.0489618,33.4411,0.0299033,17.5865,0.0658828,9.83841,0.0973193,475.0,510.386,0.0,0.0,18.0,505.0,6282.93,2.75495,2280.59,16.193,16.922,15.3666,1.5554,0.72901,0.826395,0.0,0.0,224.4,-54.357,-45.6769,41.1006,100002.0,4357.49,4106.12,4466.71,0.2905,0.2349,0.566,0.623781,0.702491,0.593648,0.126388,0.134719,0.118057,611.595,590.757,633.958,18.3445,0.0,K5.5V,LADUMA,LADUMA
2265466,5057330936003958784,2015.5,53.0873,0.0127368,-28.3328,0.0215666,1.63107,0.0270102,60.3872,0.0165598,17.9566,0.0303553,1.18383,0.0450183,524.0,472.254,0.0,0.0,19.0,556.0,21605.7,4.49276,4809.02,14.8519,15.3469,14.2178,1.12914,0.494955,0.634188,0.0,0.0,224.46,-54.5378,-45.6738,40.837,100001.0,4979.0,4925.0,5122.93,0.228,0.0659,0.39,0.801605,0.81928,0.757195,0.355782,0.370331,0.341233,613.354,601.617,625.558,10.1659,0.0,K2.5V,LADUMA,LADUMA
2313509,5057381754057011328,2015.5,52.8398,0.0260024,-28.2283,0.04235,1.62637,0.0551262,29.5026,0.0338953,13.1486,0.0625261,-3.22952,0.0927354,626.0,4805.01,0.260616,47.0928,19.0,658.0,205907.0,27.9194,7375.06,12.4042,12.8601,11.8004,1.05976,0.455962,0.603803,-11.6994,0.929994,224.23,-54.7394,-45.501,40.5956,100001.0,5135.56,5067.32,5200.0,1.941,1.6522,2.2101,2.29658,2.35885,2.24001,3.30529,3.45556,3.15501,615.962,592.268,641.63,20.9605,0.0,K1.5V,LADUMA,LADUMA
2531091,5057482256291513984,2015.5,53.1904,0.0379744,-28.036,0.0616968,1.60541,0.0800189,20.0629,0.0498433,4.29889,0.0991597,9.53949,0.136413,597.0,636.981,0.0,0.0,17.0,644.0,2608.35,1.39511,1869.63,17.1475,18.0769,16.2042,1.87269,0.92947,0.943216,0.0,0.0,223.977,-54.4063,-45.4258,41.1034,0.0,0.0,0.0,0.0,0.0,0.0,0.0,0.0,0.0,0.0,0.0,0.0,0.0,625.291,590.46,664.491,31.4357,4008.69,K8V,LADUMA,LADUMA
2840887,5057379280155840640,2015.5,53.0335,0.0299031,-28.2433,0.0500693,1.57648,0.0652898,24.1459,0.0414148,2.44744,0.0704699,5.42757,0.106859,557.0,745.793,0.175393,2.26091,18.0,588.0,4579.51,2.34134,1955.93,16.5363,17.538,15.541,1.99709,1.00173,0.99536,0.0,0.0,224.296,-54.5724,-45.5735,40.8172,100001.0,3709.0,3682.33,3888.78,1.789,1.4423,2.2821,0.93103,0.944564,0.846937,0.147792,0.160803,0.13478,635.995,606.325,668.72,26.4947,0.0,M1V,LADUMA,LADUMA
2914076,5057487994367810944,2015.5,53.3206,0.0126014,-27.8941,0.0206214,1.56984,0.0275367,57.0091,0.0175411,8.01776,0.0318905,-3.50038,0.0445032,633.0,712.091,0.0,0.0,19.0,659.0,173112.0,16.1552,10715.6,12.5925,13.0299,12.0155,1.01444,0.437398,0.577041,22.4674,2.08772,223.765,-54.2718,-45.3312,41.326,100001.0,5204.73,5074.75,5410.75,0.0,0.0,0.0,2.11152,2.22107,1.95379,2.94767,3.03305,2.86228,637.307,624.403,650.755,11.19,0.0,K1V,LADUMA,LADUMA
133436,5057498641590134784,2015.5,53.1029,0.0123538,-27.9001,0.0224906,1.55014,0.0265903,58.2972,0.0171535,-1.54294,0.0320746,-17.0588,0.049371,679.0,1200.15,0.140187,10.1238,18.0,712.0,69086.0,15.3868,4489.95,13.5899,13.9153,13.0992,0.816102,0.325418,0.490685,0.0,0.0,223.726,-54.463,-45.2717,41.0657,100001.0,5759.0,5640.31,5982.0,0.1257,0.0199,0.195,1.07099,1.11654,0.992627,1.13672,1.18513,1.08831,645.392,632.608,658.704,11.0811,0.0,G2V,LADUMA,LADUMA
145902,5057481088060409856,2015.5,53.238,0.0103155,-28.0907,0.0172015,1.54904,0.0215751,71.7975,0.0139281,-6.12836,0.0265373,-0.0310047,0.0398775,502.0,416.107,0.0,0.0,18.0,552.0,38029.9,6.33491,6003.22,14.2381,14.5932,13.7238,0.869389,0.355131,0.514257,0.0,0.0,224.08,-54.3725,-45.4915,41.1333,100001.0,5771.5,5651.0,6255.0,0.017,0.0056,0.0591,0.791418,0.82553,0.673797,0.626126,0.649278,0.602974,645.751,635.328,656.521,8.99935,0.0,G2V,LADUMA,LADUMA
200912,5057396460025006976,2015.5,52.7716,0.010437,-28.1271,0.0182805,1.54417,0.0234857,65.7494,0.0152093,10.6291,0.0254365,-16.6901,0.0421784,686.0,507.554,0.0,0.0,19.0,719.0,30921.4,4.5209,6839.66,14.4627,14.8976,13.8822,1.01534,0.434866,0.580471,0.0,0.0,224.042,-54.7849,-45.3853,40.5646,100002.0,5312.33,5153.83,5641.67,0.1848,0.1112,0.3288,0.863886,0.91784,0.765971,0.535487,0.556575,0.514399,647.823,636.421,659.641,9.85997,0.0,G9V,LADUMA,LADUMA
586302,5057460300418681856,2015.5,53.4638,0.0208159,-27.9375,0.0348753,1.51123,0.0441534,34.2268,0.0292169,2.44383,0.053384,-9.39088,0.0815726,590.0,615.842,0.0,0.0,19.0,622.0,6768.85,2.52767,2677.9,16.1121,16.846,15.291,1.55493,0.733898,0.821031,0.0,0.0,223.87,-54.153,-45.4148,41.4747,100001.0,4382.0,4256.83,4538.41,0.624,0.4546,0.8501,0.689739,0.730899,0.643018,0.158035,0.168382,0.147688,662.568,640.496,686.214,19.4132,0.0,K5V,LADUMA,LADUMA
587437,5057478167482660480,2015.5,52.9985,0.0111039,-28.0996,0.021587,1.51114,0.0261721,57.7385,0.0173195,4.85703,0.0280413,-5.00905,0.0469481,573.0,469.62,0.0,0.0,18.0,613.0,33388.8,4.99252,6687.77,14.3794,14.7656,13.8412,0.924487,0.386281,0.538206,0.0,0.0,224.044,-54.5829,-45.4279,40.8457,100001.0,5448.0,5381.0,5541.0,0.067,0.008,0.1906,0.864904,0.886577,0.836115,0.593717,0.619553,0.567881,662.054,648.815,675.844,11.4773,0.0,G8V,LADUMA,LADUMA
1149728,5057421611353344768,2015.5,53.3905,0.0124767,-28.3335,0.0201088,1.46545,0.0269388,54.3992,0.0183826,5.65627,0.0328405,3.56807,0.0544691,446.0,355.714,0.0,0.0,18.0,497.0,29194.3,6.87731,4245.02,14.5251,14.9145,13.9851,0.929342,0.389352,0.53999,0.0,0.0,224.524,-54.2734,-45.7654,41.1961,100001.0,5463.5,5385.75,5608.0,0.0672,0.0085,0.1765,0.828539,0.852634,0.786392,0.551067,0.576325,0.525809,682.73,668.256,697.844,12.5637,0.0,G8V,LADUMA,LADUMA
1204087,5057427349429609728,2015.5,53.212,0.0311746,-28.2012,0.0508658,1.46121,0.063333,23.0719,0.0433428,-3.86444,0.0845359,11.1625,0.130897,538.0,551.698,0.0,0.0,18.0,577.0,3608.69,1.75256,2059.1,16.795,17.6638,15.8788,1.78497,0.86879,0.916176,0.0,0.0,224.262,-54.4108,-45.5875,41.0489,100001.0,3997.22,3933.33,4164.5,0.548,0.293,0.8702,0.695969,0.718762,0.641181,0.111406,0.121582,0.101229,686.292,652.851,723.344,29.9336,0.0,K8V,LADUMA,LADUMA
1235838,5057430166928189056,2015.5,53.4215,0.0257797,-28.1451,0.0439899,1.45875,0.0538384,27.0949,0.0369073,21.862,0.0665036,11.1396,0.103913,527.0,537.797,0.0,0.0,18.0,563.0,4988.26,2.07074,2408.92,16.4435,17.2146,15.5952,1.61937,0.771101,0.848266,0.0,0.0,224.212,-54.2201,-45.5975,41.3243,100001.0,4229.66,4094.47,4378.33,0.5037,0.248,0.729,0.683706,0.729599,0.638062,0.134789,0.145608,0.123971,686.918,658.237,718.213,25.4675,0.0,K6V,LADUMA,LADUMA
1420918,5057430300070526848,2015.5,53.5194,0.0218969,-28.1858,0.0309593,1.44443,0.0429351,33.6421,0.0297246,4.11454,0.0667906,-7.50443,0.0653107,151.0,117.397,0.0,0.0,10.0,152.0,42376.7,13.8872,3051.5,14.1205,14.4659,13.6146,0.851267,0.345334,0.505933,0.0,0.0,224.301,-54.1404,-45.665,41.4208,100001.0,5759.0,5599.35,5793.5,0.042,0.0147,0.203,0.900178,0.952243,0.889489,0.803044,0.856793,0.749296,693.227,669.746,718.414,20.6658,0.0,G2V,LADUMA,LADUMA
1422841,5057497752533473024,2015.5,52.8758,0.0111247,-27.8443,0.0199371,1.44428,0.0257604,56.0659,0.0178362,7.48522,0.0317447,-11.0997,0.0501988,673.0,911.219,0.10155,4.55476,16.0,711.0,55521.8,7.83951,7082.3,13.8272,14.1517,13.3429,0.808736,0.32447,0.484266,0.0,0.0,223.58,-54.6534,-45.1509,40.8246,100001.0,5814.67,5688.34,6281.85,0.0943,0.004,0.197,1.00915,1.05448,0.864635,1.04884,1.09604,1.00164,692.714,678.457,707.583,12.3677,0.0,G2V,LADUMA,LADUMA
1592511,5057423638577915264,2015.5,53.176,0.0171807,-28.3735,0.0276681,1.43137,0.0351585,40.7119,0.0245629,4.88122,0.040808,-5.12909,0.0616242,463.0,436.716,0.0,0.0,19.0,499.0,12258.2,3.23805,3785.66,15.4673,16.0075,14.7941,1.21335,0.540172,0.673178,0.0,0.0,224.548,-54.4659,-45.7387,40.9222,100001.0,4872.33,4844.0,4974.15,0.1828,0.0635,0.387,0.727683,0.736221,0.698199,0.268861,0.284316,0.253405,699.258,679.581,720.109,17.2093,0.0,K3V,LADUMA,LADUMA
1602515,5057427830465989504,2015.5,53.2232,0.015732,-28.1662,0.0256515,1.43063,0.0323444,44.231,0.0226086,12.5846,0.042357,9.81032,0.0612484,515.0,446.736,0.0,0.0,18.0,561.0,12684.7,3.57023,3552.91,15.4302,15.9711,14.7551,1.21598,0.540911,0.675066,0.0,0.0,224.205,-54.3961,-45.558,41.0791,100001.0,4929.08,4816.08,5076.25,0.102,0.004,0.288,0.718628,0.752746,0.677562,0.274641,0.289442,0.259839,699.525,681.369,718.675,15.8412,0.0,K2.5V,LADUMA,LADUMA
1917059,5057369659429113728,2015.5,52.8815,0.0180992,-28.4372,0.0302533,1.40733,0.0383501,36.6968,0.0272503,-3.86791,0.0406871,-9.77726,0.058846,500.0,453.389,0.0,0.0,19.0,531.0,10359.1,3.48573,2971.87,15.6501,16.1905,14.9773,1.21321,0.540446,0.672767,0.0,0.0,224.597,-54.7312,-45.7098,40.5422,100001.0,4883.6,4848.5,4985.8,0.1037,0.0053,0.315,0.676271,0.686098,0.648831,0.234367,0.249051,0.219683,711.346,689.201,734.961,19.4311,0.0,K3V,LADUMA,LADUMA
2144435,5057494110401210240,2015.5,52.8178,0.0141318,-28.0107,0.0244929,1.39098,0.0312125,44.5649,0.0224392,7.04678,0.0367877,5.85578,0.0576478,717.0,628.264,0.0,0.0,19.0,752.0,13760.0,2.97305,4628.24,15.3418,15.8239,14.7135,1.11032,0.482036,0.628284,0.0,0.0,223.852,-54.7282,-45.2899,40.6756,100001.0,4994.5,4892.46,5144.25,0.1897,0.0989,0.281,0.744213,0.77558,0.701514,0.310496,0.327243,0.29375,719.448,700.912,738.992,16.1697,0.0,K2.5V,LADUMA,LADUMA
2153890,5057378730400031744,2015.5,52.9798,0.0194803,-28.2889,0.0344136,1.39031,0.0421565,32.9798,0.0303216,9.92157,0.0474215,20.7889,0.0693126,550.0,535.576,0.0,0.0,18.0,573.0,7779.83,2.77524,2803.3,15.9609,16.5927,15.2077,1.38501,0.63179,0.753219,0.0,0.0,224.363,-54.6255,-45.6001,40.7313,100001.0,4900.33,4763.0,4989.0,0.369,0.1443,0.5107,0.587964,0.622359,0.567251,0.179597,0.191899,0.167296,720.235,695.366,746.95,21.904,0.0,K3V,LADUMA,LADUMA
2300920,5057482943486276480,2015.5,53.2565,0.0218386,-27.9699,0.0359371,1.37994,0.0469055,29.4196,0.033991,8.16012,0.0561984,5.78995,0.0775415,638.0,580.625,0.0,0.0,18.0,685.0,6459.61,2.056,3141.84,16.1629,16.7928,15.4102,1.38258,0.629965,0.75261,0.0,0.0,223.879,-54.3389,-45.3833,41.2136,100001.0,4978.0,4731.96,5019.0,0.112,0.0309,0.3056,0.518339,0.573643,0.509905,0.148642,0.159853,0.137431,725.898,697.904,756.231,24.767,0.0,K2.5V,LADUMA,LADUMA
2433626,5057429617172378368,2015.5,53.3869,0.014109,-28.1906,0.0240673,1.37065,0.0300847,45.5596,0.0219493,6.90407,0.0379908,-10.452,0.0581452,468.0,444.353,0.0,0.0,18.0,496.0,18373.9,4.02327,4566.9,15.0279,15.4872,14.4235,1.0637,0.459297,0.604401,0.0,0.0,224.281,-54.2567,-45.6299,41.2613,100001.0,5112.0,5029.51,5191.52,0.158,0.1119,0.2537,0.82331,0.850538,0.798281,0.417047,0.439243,0.394851,730.097,711.688,749.484,16.0494,0.0,K1.5V,LADUMA,LADUMA
2541567,5057421989310466304,2015.5,53.3946,0.0303403,-28.3236,0.0497763,1.3632,0.0655852,20.7851,0.0481113,5.5028,0.0798964,3.84896,0.13467,446.0,448.092,0.0,1.92056e-15,17.0,492.0,4056.51,1.86272,2177.73,16.668,17.4393,15.8118,1.62744,0.771286,0.856152,0.0,0.0,224.508,-54.2685,-45.7574,41.2057,100001.0,4634.29,4342.67,4824.95,0.556,0.286,0.7948,0.503365,0.573239,0.464369,0.105291,0.116055,0.0945275,736.056,696.431,780.465,35.6833,0.0,K4V,LADUMA,LADUMA
2589019,5057382578690724352,2015.5,52.9851,0.00859194,-28.1991,0.0157113,1.35996,0.020156,67.4715,0.0148211,-8.16604,0.020556,-7.00201,0.0300253,548.0,488.61,0.0,0.0,19.0,582.0,93042.0,12.8074,7264.72,13.2667,13.5902,12.7845,0.805795,0.32358,0.482215,0.0,0.0,224.211,-54.6086,-45.5174,40.7814,100001.0,5844.0,5816.0,5873.33,0.197,0.103,0.5149,1.37236,1.38561,1.35869,1.97913,2.05794,1.90031,735.552,722.931,748.621,10.9087,0.0,G1V,LADUMA,LADUMA
2725033,5057478751598207488,2015.5,53.1108,0.0163975,-28.083,0.0292456,1.3507,0.0367957,36.708,0.027242,10.3089,0.0432722,-3.58126,0.0674101,594.0,497.53,0.0,0.0,18.0,626.0,11361.5,3.39964,3341.98,15.5498,16.0516,14.9029,1.14868,0.501834,0.646846,0.0,0.0,224.039,-54.4825,-45.446,40.9866,100001.0,4965.0,4929.0,5138.0,0.008,0.002,0.0816,0.707027,0.717392,0.660216,0.27368,0.290964,0.256396,741.157,718.092,765.753,20.2385,0.0,K2.5V,LADUMA,LADUMA
2971330,5057493113968793856,2015.5,52.956,0.015147,-27.9527,0.0268362,1.33428,0.0333029,40.0651,0.0249594,7.32223,0.0409154,-27.8253,0.0672314,693.0,681.159,0.0,0.0,18.0,726.0,13817.2,3.09375,4466.16,15.3373,15.7988,14.7253,1.07347,0.461468,0.612004,0.0,0.0,223.783,-54.5991,-45.277,40.8668,100001.0,5025.67,4928.69,5094.91,0.1295,0.0385,0.2801,0.765291,0.795703,0.74463,0.336607,0.356503,0.316711,750.141,728.701,772.881,18.7599,0.0,K2V,LADUMA,LADUMA
59523,5057324064056349952,2015.5,53.0341,0.0125794,-28.5206,0.0227465,1.32846,0.0272597,48.7334,0.0205198,20.6679,0.0284243,4.46567,0.0460152,439.0,353.769,0.0,0.0,18.0,479.0,28503.0,5.72235,4981.0,14.5511,14.9023,14.0391,0.86321,0.351209,0.512001,0.0,0.0,224.771,-54.6092,-45.8342,40.6818,100001.0,5774.67,5642.33,6014.71,0.021,0.0089,0.1265,0.797968,0.835838,0.735545,0.637931,0.670468,0.605394,753.21,735.427,771.873,15.4759,0.0,G2V,LADUMA,LADUMA
537894,5057504212164284800,2015.5,52.9471,0.0220272,-27.7862,0.0406021,1.29777,0.0517881,25.0593,0.0399053,12.2562,0.0598884,3.59953,0.0975893,683.0,770.601,0.0815395,0.763726,17.0,710.0,6645.12,2.04476,3249.82,16.1321,16.6735,15.4424,1.23109,0.541346,0.689746,0.0,0.0,223.497,-54.5825,-45.1178,40.9367,100001.0,4870.33,4846.23,5142.5,0.1337,0.0909,0.1801,0.591562,0.597461,0.530603,0.177391,0.192867,0.161914,772.31,737.553,810.505,30.9773,0.0,K3V,LADUMA,LADUMA
572346,5057501222865692416,2015.5,53.2102,0.0104473,-27.8093,0.0176813,1.29565,0.0229482,56.4598,0.0177117,17.2581,0.0275103,0.631759,0.0370642,757.0,1236.13,0.0999392,4.63058,19.0,778.0,52460.9,14.1129,3717.23,13.8888,14.2019,13.3686,0.833294,0.313099,0.520195,0.0,0.0,223.596,-54.3557,-45.2183,41.2362,100001.0,5777.82,5520.0,6136.0,0.1855,0.0683,0.3739,1.10867,1.21465,0.983015,1.23411,1.29109,1.17714,772.16,756.378,788.616,13.6892,0.0,G2V,LADUMA,LADUMA
660591,5057479919829312128,2015.5,53.0481,0.011162,-28.0342,0.0200366,1.29016,0.0249431,51.7244,0.0193333,27.3117,0.0299304,-1.20467,0.047316,614.0,448.915,0.0,0.0,17.0,650.0,33035.3,4.93222,6697.85,14.3909,14.7093,13.9036,0.80571,0.318392,0.487318,0.0,0.0,223.943,-54.5303,-45.3813,40.9362,100001.0,5835.67,5732.86,6074.34,0.0255,0.008,0.0875,0.864642,0.895931,0.79803,0.78114,0.819584,0.742696,775.508,758.237,793.585,15.0101,0.0,G1V,LADUMA,LADUMA
797138,5057489059519701120,2015.5,53.2714,0.00915636,-27.8584,0.0152881,1.28175,0.0208999,61.3281,0.0163057,15.4681,0.0230754,5.63644,0.0324077,659.0,608.59,0.0,0.0,18.0,694.0,49876.4,6.88845,7240.59,13.9436,14.2874,13.4433,0.84408,0.343749,0.500331,0.0,0.0,223.693,-54.3095,-45.2829,41.2849,100002.0,5790.0,5678.29,5830.0,0.2535,0.1059,0.338,1.08775,1.13097,1.07287,1.19802,1.25038,1.14565,780.479,765.77,795.764,12.7363,0.0,G2V,LADUMA,LADUMA
801829,5057328255944379776,2015.5,52.9312,0.0136512,-28.4755,0.0236755,1.28146,0.0281553,45.5141,0.0219712,-7.65711,0.0309804,-19.5931,0.0451564,488.0,413.566,0.0,0.0,18.0,512.0,18833.9,4.09148,4603.2,15.001,15.3921,14.4479,0.944173,0.391068,0.553104,0.0,0.0,224.673,-54.6929,-45.7608,40.5822,100001.0,5428.5,5342.5,6056.0,0.008,0.0,0.0776,0.772371,0.797438,0.620602,0.466731,0.492008,0.441453,780.894,761.185,801.651,17.1827,0.0,G8V,LADUMA,LADUMA
964174,5057428208423104512,2015.5,53.4738,0.00928269,-28.2493,0.0155031,1.27156,0.0193303,65.7808,0.015202,9.31104,0.0248355,-2.94912,0.0378856,469.0,385.624,0.0,1.87204e-15,18.0,507.0,54974.0,8.89795,6178.28,13.838,14.1645,13.3121,0.85245,0.326555,0.525895,0.0,0.0,224.399,-54.1892,-45.7112,41.3358,100001.0,5612.25,5500.5,5744.0,0.391,0.155,0.5121,1.23299,1.28359,1.17707,1.35881,1.41556,1.30206,786.69,772.851,801.034,11.9673,0.0,G6V,LADUMA,LADUMA
995759,5057431953634579200,2015.5,53.5191,0.0255205,-28.0969,0.0453174,1.26965,0.0515958,24.6076,0.0406378,-8.13967,0.0651362,-21.6974,0.105697,513.0,534.28,0.0,0.0,18.0,555.0,5092.91,2.38095,2139.02,16.4209,17.1107,15.6253,1.48539,0.689735,0.795653,0.0,0.0,224.151,-54.128,-45.5813,41.4634,100001.0,4481.0,4370.0,4772.12,0.279,0.1899,0.471,0.666597,0.700891,0.587747,0.161407,0.175755,0.147058,789.468,753.315,829.267,32.2516,0.0,K4.5V,LADUMA,LADUMA
1299646,5057501325946295552,2015.5,53.2473,0.0243412,-27.7773,0.0398608,1.25144,0.0495754,25.2431,0.0396148,9.46027,0.0613714,11.9317,0.0845098,722.0,682.525,0.0,0.0,19.0,766.0,4788.35,1.79411,2668.92,16.4879,17.2091,15.6702,1.53891,0.721226,0.817683,0.0,0.0,223.55,-54.3186,-45.1994,41.2953,100002.0,4398.0,4347.14,4447.35,0.494,0.261,0.806,0.692957,0.709266,0.677662,0.161856,0.175963,0.147749,800.854,765.067,840.154,31.8838,0.0,K5V,LADUMA,LADUMA
1355309,5057478236200792192,2015.5,53.038,0.0123947,-28.0817,0.0219969,1.24816,0.0282003,44.2604,0.0225936,6.39797,0.0325285,-7.32702,0.0482677,618.0,562.82,0.0,0.0,18.0,654.0,21500.3,4.98727,4311.02,14.8573,15.2411,14.2121,1.02897,0.383831,0.645139,0.0,0.0,224.022,-54.5459,-45.423,40.9011,100001.0,5201.4,5037.5,5376.0,0.358,0.0813,0.5781,0.937376,0.999365,0.877477,0.579433,0.611691,0.547176,801.757,780.963,823.689,18.1428,0.0,K1V,LADUMA,LADUMA
1828641,5057501566464426368,2015.5,53.2182,0.0131009,-27.774,0.0229096,1.22078,0.0287328,42.4872,0.0235365,13.4499,0.0345067,9.78559,0.0482725,738.0,651.672,0.0,0.0,19.0,786.0,15170.0,3.15643,4806.05,15.2359,15.812,14.5281,1.28385,0.576061,0.707792,0.0,0.0,223.538,-54.3435,-45.1876,41.2626,100001.0,5084.0,5022.5,5158.0,0.78,0.5989,0.8831,0.851453,0.872433,0.827198,0.436354,0.46154,0.411167,819.783,797.657,843.173,19.3273,0.0,K2V,LADUMA,LADUMA
1958552,5057377356010500352,2015.5,52.9233,0.011911,-28.3136,0.0220571,1.21341,0.0270314,44.889,0.0222772,-8.62831,0.0273462,-2.24241,0.0391098,505.0,386.039,0.0,0.0,18.0,537.0,32881.1,6.09229,5397.16,14.396,14.7174,13.9118,0.805552,0.321369,0.484182,0.0,0.0,224.394,-54.6782,-45.6064,40.6524,100001.0,5785.0,5626.04,5854.67,0.0295,0.004,0.12,0.934681,0.988243,0.912569,0.881525,0.930445,0.832605,824.692,803.596,846.926,18.3993,0.0,G2V,LADUMA,LADUMA
2173033,5057329458535213568,2015.5,53.0634,0.00959645,-28.4084,0.0163285,1.20144,0.0205412,58.4893,0.0170971,3.96645,0.0210869,-11.6085,0.0320853,487.0,378.029,0.0,0.0,18.0,526.0,64577.6,9.76425,6613.68,13.6632,13.9779,13.1912,0.786645,0.314714,0.471931,0.0,0.0,224.585,-54.5687,-45.7376,40.7718,100001.0,5882.67,5830.0,5949.0,0.289,0.1729,0.4274,1.27595,1.2991,1.24765,1.75654,1.83747,1.6756,832.67,816.23,849.785,14.2483,0.0,G1V,LADUMA,LADUMA
2263475,5057423157541570688,2015.5,53.3377,0.00957474,-28.2645,0.0161657,1.19648,0.0201473,59.3863,0.0168389,13.287,0.0259844,-1.08083,0.0413744,504.0,439.411,0.0,0.0,17.0,527.0,48490.0,8.26753,5865.11,13.9742,14.3209,13.4786,0.842319,0.346702,0.495617,0.0,0.0,224.396,-54.31,-45.6847,41.167,100001.0,5764.1,5716.92,5816.0,0.0,0.0,0.0,1.16023,1.17946,1.13962,1.33878,1.3999,1.27766,836.115,819.853,853.036,14.0908,0.0,G2V,LADUMA,LADUMA
2436933,5057431953634578944,2015.5,53.5168,0.0234704,-28.094,0.0401317,1.187,0.0480395,24.7089,0.0404712,-1.10617,0.0599098,5.49463,0.0947939,522.0,496.801,0.0,0.0,18.0,557.0,5781.02,2.45001,2359.59,16.2834,16.8852,15.5506,1.3346,0.60187,0.732734,0.0,0.0,224.146,-54.1296,-45.5778,41.4621,100001.0,4840.0,4693.08,5000.33,0.1767,0.098,0.3426,0.613262,0.652259,0.574564,0.185938,0.202573,0.169303,844.364,805.853,886.74,34.3467,0.0,K3V,LADUMA,LADUMA
2714695,5057422813944189696,2015.5,53.2865,0.0104251,-28.3048,0.0165818,1.172,0.0203965,57.4609,0.0174031,0.842262,0.0254528,7.31055,0.0382234,448.0,578.812,0.0578006,1.28752,18.0,482.0,63181.2,10.037,6294.84,13.6869,13.9849,13.2261,0.758759,0.297992,0.460767,0.0,0.0,224.454,-54.3602,-45.7073,41.0867,100001.0,5606.92,4862.87,6037.5,0.298,0.1772,0.378,1.43717,1.9106,1.23948,1.8391,1.92555,1.75265,853.596,836.448,871.463,14.8682,0.0,G6V,LADUMA,LADUMA
151880,5057503215731871744,2015.5,52.9992,0.0104035,-27.8214,0.0187339,1.14903,0.0234679,48.9616,0.0204242,10.9574,0.0271114,0.743683,0.0423616,687.0,1062.61,0.104841,6.22666,18.0,700.0,109669.0,20.829,5265.22,13.0882,13.3563,12.6609,0.69546,0.268177,0.427283,0.0,0.0,223.569,-54.5421,-45.1666,40.9812,100001.0,6355.0,6301.0,6817.5,0.616,0.2802,0.9861,1.47966,1.50513,1.28571,3.21722,3.38739,3.04704,870.794,850.331,892.266,17.8069,0.0,F6V,LADUMA,LADUMA
233552,5057488750282057344,2015.5,53.2318,0.014679,-27.8573,0.0250791,1.14479,0.030425,37.6267,0.0265769,13.0235,0.037965,-4.09049,0.0555965,686.0,691.281,0.0,0.0,18.0,715.0,14383.2,3.04773,4719.32,15.2937,15.7041,14.7219,0.982287,0.410417,0.571871,0.0,0.0,223.682,-54.344,-45.2701,41.2386,100001.0,5335.67,5266.67,5364.5,0.0387,0.0,0.1711,0.786563,0.807306,0.778131,0.45177,0.480804,0.422736,874.358,847.797,902.638,23.2868,0.0,G9V,LADUMA,LADUMA
2353324,5057482153212296064,2015.5,53.2364,0.0177161,-28.0304,0.0299442,1.04141,0.0381644,27.2873,0.036647,-0.304053,0.0465457,1.89292,0.0672856,540.0,612.549,0.0,0.0,17.0,591.0,12168.5,3.19131,3813.0,15.4753,15.9534,14.8476,1.10575,0.478113,0.627634,0.0,0.0,223.977,-54.3653,-45.4342,41.1606,100001.0,4906.0,4816.45,4996.0,0.2975,0.1375,0.4791,0.978749,1.01548,0.943803,0.499974,0.542141,0.457806,961.907,922.038,1005.38,35.3894,0.0,K3V,LADUMA,LADUMA
2541470,5057377424729976832,2015.5,52.9095,0.0138497,-28.2976,0.0259799,1.03272,0.0330785,31.2204,0.0320304,-2.20921,0.0319283,-7.30686,0.0500504,557.0,499.805,0.0,0.0,18.0,592.0,19088.6,4.19327,4552.21,14.9864,15.3955,14.4306,0.96497,0.409116,0.555854,0.0,0.0,224.364,-54.688,-45.5872,40.644,100001.0,5424.0,5364.0,5504.0,0.2033,0.1015,0.3331,0.966716,0.988464,0.938818,0.728738,0.784097,0.673379,969.592,934.3,1007.65,31.1484,0.0,G8V,LADUMA,LADUMA
43809,5057494041681733376,2015.5,52.8238,0.0204402,-28.016,0.03415,1.00978,0.0439877,22.9561,0.0435615,11.5704,0.0576037,8.22889,0.0853677,641.0,566.189,0.0,3.19769e-15,18.0,671.0,7859.51,2.43678,3225.36,15.9499,16.4341,15.3161,1.11803,0.484212,0.633821,0.0,0.0,223.863,-54.7237,-45.2967,40.6802,100001.0,4950.61,4907.63,4996.25,0.1255,0.0186,0.2281,0.792465,0.806404,0.778052,0.339851,0.373047,0.306655,992.699,944.133,1046.53,43.4812,0.0,K2.5V,LADUMA,LADUMA
1192400,5057397044140558336,2015.5,52.7847,0.0117154,-28.0796,0.0197969,0.958782,0.0256162,37.4288,0.0267174,6.64755,0.0288014,-9.93428,0.0440454,740.0,1399.06,0.0,0.0,19.0,682.0,430923.0,153.89,2800.2,11.6024,12.1663,10.9282,1.23808,0.563929,0.674155,-30.9103,0.298311,223.963,-54.7669,-45.3447,40.6031,100002.0,4802.77,4760.5,4892.07,0.0,0.0,0.0,6.69092,6.81027,6.44889,21.4602,22.4319,20.4884,1043.91,1012.04,1077.85,27.945,0.0,K3V,LADUMA,LADUMA
1579273,5057381169941463040,2015.5,52.7832,0.0128903,-28.2792,0.0262559,0.941943,0.0303244,31.0622,0.0321935,15.3054,0.0282536,10.3044,0.055343,415.0,365.245,0.0,0.0,14.0,457.0,45961.8,7.57002,6071.56,14.0324,14.3308,13.5572,0.77354,0.298397,0.475143,0.0,0.0,224.306,-54.7957,-45.5317,40.5038,100001.0,5823.0,5520.0,6117.09,0.399,0.2845,0.5358,1.40348,1.56178,1.27177,2.0403,2.19926,1.88134,1062.97,1024.1,1104.92,34.3183,0.0,G2V,LADUMA,LADUMA
1649125,5057396666183436544,2015.5,52.7767,0.00880432,-28.0983,0.0149372,0.938918,0.0192935,48.6649,0.0205487,4.51088,0.0211285,-28.1439,0.0330586,662.0,516.429,0.0,0.0,19.0,681.0,57375.3,8.19443,7001.74,13.7916,14.16,13.261,0.898995,0.368438,0.530558,0.0,0.0,223.994,-54.7764,-45.3598,40.5846,100001.0,5537.53,5399.6,5734.0,0.0,0.0,0.0,1.75811,1.84907,1.63969,2.61849,2.76639,2.47058,1065.6,1040.41,1092.04,21.921,0.0,G7V,LADUMA,LADUMA
2030872,5057472944802427520,2015.5,53.1123,0.0217531,-28.1946,0.0372867,0.922455,0.0448684,20.5591,0.0486402,0.927963,0.0544254,1.55246,0.079464,606.0,562.183,0.0,0.0,19.0,650.0,6402.58,2.25099,2844.34,16.1725,16.6344,15.5569,1.07741,0.461874,0.615537,0.0,0.0,224.23,-54.4969,-45.5514,40.9341,100001.0,5011.25,4958.6,5089.61,0.1235,0.0305,0.2126,0.759019,0.775222,0.735826,0.327328,0.362909,0.291746,1087.15,1028.07,1153.42,53.2253,0.0,K2.5V,LADUMA,LADUMA
2162377,5057473082241378816,2015.5,53.1356,0.017254,-28.1721,0.0281451,0.9168,0.0374078,24.5083,0.0408026,1.64286,0.0466582,-5.3361,0.0644173,542.0,498.203,0.0,0.0,17.0,586.0,10638.8,3.30124,3222.68,15.6211,15.977,15.0918,0.885169,0.35587,0.529299,0.0,0.0,224.196,-54.4734,-45.5372,40.9726,100001.0,5677.52,5363.23,6167.54,0.0833,0.0187,0.1771,0.73321,0.821661,0.621329,0.503252,0.550697,0.455807,1092.92,1042.71,1148.21,44.7973,0.0,G4V,LADUMA,LADUMA
2277755,5057429514093164416,2015.5,53.3658,0.0156955,-28.1925,0.0262068,0.911836,0.032351,28.1857,0.035479,5.22815,0.0423353,-9.80956,0.06746,503.0,501.433,0.0,0.0,18.0,539.0,13023.3,3.70689,3513.26,15.4016,15.7516,14.8875,0.864136,0.350081,0.514054,0.0,0.0,224.28,-54.2754,-45.6255,41.2353,100001.0,5877.49,5661.34,6259.95,0.015,0.008,0.038,0.756413,0.815274,0.666808,0.615148,0.667171,0.563125,1098.33,1054.22,1146.3,39.1007,0.0,G1V,LADUMA,LADUMA
2527230,5057483080925228672,2015.5,53.3427,0.0176363,-28.012,0.0259032,0.901151,0.0344354,26.1693,0.0382127,16.8523,0.0474814,-8.41343,0.0616432,534.0,451.537,0.0,0.0,18.0,564.0,11939.6,3.21288,3716.17,15.4959,15.8975,14.9277,0.969737,0.401597,0.56814,0.0,0.0,223.969,-54.2698,-45.4488,41.2952,100001.0,5351.0,5118.2,5386.0,0.0925,0.017,0.2871,0.904276,0.988408,0.892561,0.603999,0.658256,0.549742,1111.61,1063.65,1164.08,42.6451,0.0,G9V,LADUMA,LADUMA
2622459,5057485726625086208,2015.5,53.1707,0.0145453,-27.9627,0.0234136,0.897081,0.0300845,29.8187,0.033536,7.25131,0.0357911,-10.033,0.0500048,649.0,648.524,0.0,0.0,18.0,683.0,16075.8,3.50106,4591.68,15.1729,15.5407,14.6463,0.894324,0.367715,0.526609,0.0,0.0,223.848,-54.4129,-45.3509,41.1156,100001.0,5621.0,5464.67,6211.21,0.026,0.0105,0.2416,0.941805,0.996463,0.771324,0.797758,0.862629,0.732888,1116.2,1073.74,1162.16,37.5456,0.0,G6V,LADUMA,LADUMA
239487,5057425665802433920,2015.5,53.1507,0.0113337,-28.2441,0.0181982,0.870719,0.0232291,37.484,0.0266781,-6.23216,0.0285458,-18.8305,0.0406483,548.0,486.314,0.0,0.0,19.0,592.0,26294.9,4.69653,5598.81,14.6387,14.9201,14.1875,0.732586,0.281377,0.451209,0.0,0.0,224.322,-54.4703,-45.6095,40.9554,100001.0,5852.8,5610.0,6197.0,0.0562,0.0259,0.1157,1.13581,1.23625,1.01314,1.36382,1.45833,1.26932,1149.42,1114.38,1186.73,30.7206,0.0,G1V,LADUMA,LADUMA
691462,5057485142509525120,2015.5,53.3346,0.0125326,-27.8903,0.0210007,0.851427,0.0271972,31.3057,0.0319431,24.5841,0.0314467,10.0325,0.0489865,633.0,589.946,0.0,0.0,19.0,648.0,18506.9,3.67788,5031.94,15.02,15.3297,14.5389,0.790808,0.309669,0.481139,0.0,0.0,223.761,-54.259,-45.3318,41.3443,100001.0,5830.91,5322.8,5984.25,0.085,0.0196,0.197,0.982373,1.17888,0.932673,1.00506,1.08491,0.925214,1175.85,1133.18,1221.87,37.6592,0.0,G1V,LADUMA,LADUMA
904250,5057429514093164160,2015.5,53.3749,0.011921,-28.1991,0.0204827,0.84233,0.0256461,32.8444,0.0304466,7.78017,0.0319827,-10.8179,0.0511899,495.0,472.449,0.0,0.0,18.0,523.0,24264.1,5.37862,4511.22,14.726,15.0433,14.2485,0.794798,0.317327,0.47747,0.0,0.0,224.293,-54.2684,-45.6344,41.2429,100001.0,6175.01,5810.0,6799.69,0.0697,0.0026,0.2431,1.00716,1.13769,0.830609,1.32876,1.43096,1.22655,1188.42,1147.24,1232.66,36.2688,0.0,F8V,LADUMA,LADUMA
1162187,5057326434878290176,2015.5,53.1774,0.00925253,-28.4289,0.0141216,0.831252,0.0195416,42.5376,0.0235086,-0.691702,0.0217138,-10.7905,0.0300099,420.0,259.416,0.0,0.0,17.0,456.0,98135.7,15.8621,6186.79,13.2088,13.7503,12.5398,1.21049,0.541504,0.668983,0.0,0.0,224.643,-54.4721,-45.7912,40.8968,100001.0,4856.23,4785.73,5019.09,0.0,0.0,0.0,3.57635,3.68249,3.34802,6.40872,6.81642,6.00102,1203.74,1171.3,1238.03,28.337,0.0,K3V,LADUMA,LADUMA
1213000,5057424841168714880,2015.5,53.124,0.0122081,-28.3001,0.0196438,0.829055,0.0245822,33.7259,0.0296508,7.89624,0.029414,2.56481,0.0450173,532.0,671.067,0.0,0.0,19.0,567.0,155212.0,15.8159,9813.64,12.7111,13.2743,12.0255,1.24872,0.563198,0.685525,59.6953,0.710668,224.412,-54.5012,-45.6541,40.8965,100002.0,4923.33,4822.35,5061.86,0.0,0.0,0.0,4.35091,4.53503,4.11601,10.0205,10.5391,9.50187,1207.37,1166.6,1251.09,35.8787,0.0,K2.5V,LADUMA,LADUMA
2116638,5057493698084344832,2015.5,53.017,0.0124353,-27.8987,0.0222417,0.789722,0.0279209,28.2843,0.0353553,10.0286,0.0349231,-6.48991,0.0566776,681.0,597.695,0.0,0.0,17.0,724.0,25669.8,4.59301,5588.89,14.6648,14.9767,14.1906,0.786067,0.311878,0.474189,0.0,0.0,223.705,-54.5379,-45.2445,40.9649,100001.0,5848.75,5622.51,6033.42,0.143,0.035,0.4551,1.23917,1.3409,1.16448,1.61886,1.76025,1.47748,1267.95,1217.21,1323.11,44.9665,0.0,G1V,LADUMA,LADUMA
2258114,5057407558220357120,2015.5,53.3154,0.011735,-28.4513,0.0180294,0.783474,0.0233791,33.5117,0.0298403,-1.11087,0.027554,-1.44913,0.0403797,439.0,404.35,0.0,1.93162e-15,19.0,479.0,33431.0,6.82052,4901.54,14.378,14.6728,13.9273,0.745491,0.294767,0.450724,0.0,0.0,224.709,-54.3549,-45.8538,41.0494,100001.0,6116.0,5906.67,6223.0,0.305,0.0949,0.4596,1.29665,1.39019,1.25244,2.11939,2.28336,1.95542,1277.57,1234.16,1324.13,38.205,0.0,F8V,LADUMA,LADUMA
2545205,5057429857690542080,2015.5,53.4747,0.0134951,-28.1591,0.0222277,0.770698,0.026866,28.6867,0.0348594,11.92,0.0345107,9.7474,0.0523009,488.0,423.069,0.0,0.0,18.0,535.0,20437.5,4.5252,4516.38,14.9123,15.2515,14.4171,0.834446,0.339203,0.495243,0.0,0.0,224.247,-54.1756,-45.6266,41.3806,100001.0,5790.5,5599.11,5828.0,0.305,0.0819,0.4211,1.15779,1.2383,1.14294,1.35775,1.47585,1.23966,1299.17,1247.88,1354.85,45.4206,0.0,G2V,LADUMA,LADUMA
279807,5057434908572036352,2015.5,53.4259,0.00914178,-28.09,0.0156348,0.737094,0.0190724,38.6471,0.0258751,5.43872,0.0228207,-5.38443,0.0353438,526.0,366.032,0.0,1.7329e-15,18.0,567.0,68610.8,9.23247,7431.47,13.5974,14.0766,12.9731,1.10359,0.47926,0.624329,0.0,0.0,224.119,-54.2083,-45.547,41.3563,100001.0,4969.31,4907.87,5051.0,0.0,0.0,0.0,3.17676,3.25679,3.07483,5.54431,5.93294,5.15567,1357.58,1317.42,1400.27,35.1809,0.0,K2.5V,LADUMA,LADUMA
579546,5057484042997897600,2015.5,53.3737,0.0143379,-27.9307,0.0247166,0.72291,0.0315373,22.9224,0.0436255,20.4919,0.0362279,-4.0353,0.0557933,605.0,554.187,0.0,0.0,18.0,638.0,14305.9,3.59654,3977.68,15.2996,15.6042,14.8235,0.780727,0.304612,0.476115,0.0,0.0,223.838,-54.2308,-45.3815,41.3712,100001.0,6080.0,5720.0,6482.41,0.0688,0.014,0.1711,0.930689,1.05152,0.818726,1.06639,1.17794,0.954849,1385.87,1318.04,1461.05,60.7244,0.0,F9V,LADUMA,LADUMA
788660,5057504452682452608,2015.5,52.9948,0.0122721,-27.7765,0.0230981,0.712774,0.0286215,24.9035,0.0401551,2.05151,0.0329363,0.0174043,0.0538182,669.0,608.086,0.0,0.0,17.0,714.0,22933.1,4.41144,5198.55,14.7872,15.1058,14.3103,0.795472,0.318603,0.47687,0.0,0.0,223.491,-54.5393,-45.123,40.9975,100001.0,5932.25,5854.0,6357.01,0.3073,0.226,0.424,1.25887,1.29275,1.09626,1.7682,1.9425,1.59391,1405.15,1341.62,1474.98,56.6299,0.0,G0V,LADUMA,LADUMA
1630192,5057427761746466944,2015.5,53.2452,0.0132788,-28.1763,0.0221138,0.669682,0.0278336,24.0602,0.0415624,0.541126,0.0351539,-3.37831,0.0522859,546.0,546.563,0.0,1.73613e-15,18.0,570.0,17096.2,4.45024,3841.64,15.1061,15.4641,14.5923,0.871861,0.357998,0.513863,0.0,0.0,224.227,-54.3783,-45.5741,41.1003,100001.0,5704.59,5495.38,5914.5,0.41,0.1842,0.561,1.25916,1.35685,1.17137,1.5127,1.66813,1.35726,1495.55,1425.69,1572.61,62.3879,0.0,G3V,LADUMA,LADUMA
1919576,5057407077184018048,2015.5,53.3782,0.0107886,-28.4389,0.0175514,0.653639,0.0233413,28.0035,0.0357098,5.07054,0.0259503,-4.99052,0.0391373,430.0,390.827,0.0,0.0,19.0,477.0,39794.4,7.25203,5487.35,14.1888,14.5523,13.6673,0.885071,0.363531,0.52154,0.0,0.0,224.701,-54.2986,-45.8609,41.1299,100001.0,5789.5,5571.04,6138.56,0.0,0.0,0.0,1.90562,2.05801,1.69507,3.67564,4.0161,3.33518,1531.59,1469.73,1598.87,54.8365,0.0,G2V,LADUMA,LADUMA
2072040,5057427315069915776,2015.5,53.1871,0.0125308,-28.1964,0.0207732,0.644867,0.0258784,24.9191,0.0401299,0.364875,0.0332027,2.25388,0.0498079,550.0,779.049,0.117638,4.09139,18.0,594.0,30220.8,5.3659,5632.0,14.4876,14.7878,14.0233,0.764465,0.300171,0.464294,0.0,0.0,224.249,-54.4319,-45.5756,41.0217,100001.0,5496.57,4805.74,6174.1,0.0,0.0,0.0,1.88939,2.47163,1.49746,2.93564,3.23253,2.63875,1552.83,1482.7,1629.93,62.5202,0.0,G8V,LADUMA,LADUMA
2574670,5057496927899751808,2015.5,52.9794,0.0101974,-27.8666,0.0185573,0.613738,0.0230307,26.6487,0.0375253,-2.26179,0.0298616,-14.3071,0.0531272,669.0,472.95,0.0,0.0,17.0,714.0,43105.7,5.76559,7476.38,14.102,14.5757,13.4826,1.09313,0.473711,0.619421,0.0,0.0,223.641,-54.566,-45.2031,40.9361,100001.0,5002.68,4964.54,5043.0,0.0,0.0,0.0,2.97296,3.01882,2.92561,4.98749,5.47484,4.50015,1631.18,1562.1,1706.64,61.376,0.0,K2.5V,LADUMA,LADUMA
2635401,5057485245588751744,2015.5,53.1789,0.0138672,-28.0211,0.0227228,0.609687,0.0290485,20.9886,0.0476449,3.40553,0.036,2.03455,0.0514268,605.0,564.017,0.0,3.30396e-15,17.0,644.0,17909.7,3.90907,4581.57,15.0556,15.3805,14.5688,0.811666,0.324848,0.486817,0.0,0.0,223.949,-54.4142,-45.4083,41.097,100001.0,5872.0,5775.23,6286.51,0.3803,0.1493,0.5771,1.3293,1.37422,1.15978,1.89272,2.11327,1.67217,1643.11,1555.72,1740.89,78.6277,0.0,G1V,LADUMA,LADUMA
2799545,5057382509971250176,2015.5,52.9483,0.00955115,-28.2189,0.0174916,0.598333,0.0227282,26.3255,0.0379859,1.50985,0.023502,2.49332,0.0382631,585.0,686.797,0.019168,0.147422,19.0,629.0,46835.4,225.61,207.595,14.0119,14.2118,13.6437,0.568054,0.199852,0.368202,0.0,0.0,224.237,-54.6433,-45.5249,40.7284,100001.0,7101.33,6708.5,7431.0,0.9607,0.741,1.114,1.4904,1.67006,1.36109,5.0893,5.59524,4.58336,1673.15,1601.47,1751.54,63.7265,0.0,F1V,LADUMA,LADUMA
84249,5057399689840413184,2015.5,52.7548,0.0124209,-28.0778,0.0218442,0.57698,0.0279232,20.6631,0.0483954,4.46462,0.0308684,1.05348,0.0481193,702.0,643.211,0.0,0.0,19.0,748.0,18485.1,3.52443,5244.83,15.0213,15.3253,14.5554,0.769976,0.304012,0.465963,0.0,0.0,223.954,-54.7927,-45.3339,40.5687,100001.0,6154.45,5391.53,6873.42,0.434,0.2113,0.548,1.29228,1.68388,1.03607,2.15856,2.41661,1.90051,1736.07,1642.38,1841.07,84.3691,0.0,F8V,LADUMA,LADUMA
396956,5057426971472488064,2015.5,53.2284,0.00880906,-28.2345,0.0148832,0.549977,0.0187035,29.4051,0.0340077,1.22987,0.0237597,4.76664,0.0361178,519.0,403.579,0.0,1.77984e-15,17.0,549.0,61161.2,9.9607,6140.25,13.7222,14.0732,13.2117,0.861452,0.350995,0.510457,0.0,0.0,224.322,-54.4012,-45.6238,41.052,100001.0,5769.5,5644.33,5813.25,0.0,0.0,0.0,2.82897,2.95583,2.78655,7.98921,8.74354,7.23487,1819.63,1749.55,1895.55,61.9977,0.0,G2V,LADUMA,LADUMA
864592,5057395704110784000,2015.5,52.8674,0.0109379,-28.1421,0.0192007,0.496022,0.0247977,20.0028,0.0499931,-1.64452,0.0272538,2.01373,0.0432675,598.0,747.289,0.043626,0.743216,19.0,646.0,40289.5,6.57206,6130.43,14.1754,14.4313,13.7551,0.676126,0.255869,0.420257,0.0,0.0,224.088,-54.7034,-45.4283,40.6702,100001.0,6371.0,6158.0,6726.6,0.0,0.0,0.0,2.06691,2.21236,1.85415,6.34113,7.13571,5.54655,2018.59,1906.36,2144.83,101.259,0.0,F6V,LADUMA,LADUMA
