,Source Name,Association,RA,Dec,Gal l,Gal b,Flux 1-100 GeV(photons cm-2s-1),+/-,Spectral Index,+/-.1,Variability Index,Classification,Light Curve(Likelihood),Spectrum,DataAccess
0,3FGL J0001.6+3535,,0.4043,35.5905,111.661,-26.1885,2.6812e-10,6.93039e-11,2.35052,0.185889,32.3943,Unassociated,Link,Link,Link
1,3FGL J0003.4+3100,,0.8576,31.0085,110.964,-30.7451,3.13931e-10,6.98302e-11,2.55384,0.1309,38.536,Unassociated,Link,Link,Link
2,3FGL J0008.3+1456,,2.0881,14.9336,107.679,-46.6581,4.11565e-10,7.77828e-11,2.26955,0.128346,34.4397,Unassociated,Link,Link,Link
3,3FGL J0017.1+1445,,4.2937,14.7612,110.672,-47.2933,2.45275e-10,6.93883e-11,1.88303,0.177631,36.1434,Unassociated,Link,Link,Link
4,3FGL J0031.2-2320,,7.813,-23.3427,71.5023,-84.0711,2.37256e-10,6.10738e-11,2.13911,0.170399,33.5063,Unassociated,Link,Link,Link
5,3FGL J0031.6+0938,,7.9225,9.6478,114.845,-52.9135,2.34514e-10,6.16888e-11,2.65719,0.163768,28.8198,Unassociated,Link,Link,Link
6,3FGL J0032.5+3912,,8.1464,39.2131,118.951,-23.5128,2.37506e-10,6.06867e-11,2.56391,0.166556,35.1931,Unassociated,Link,Link,Link
7,3FGL J0049.0+4224,,12.253,42.413,122.455,-20.4565,2.61364e-10,6.98164e-11,1.76537,0.166987,35.6061,Unassociated,Link,Link,Link
8,3FGL J0112.9-7506,,18.2438,-75.1053,301.074,-41.9452,2.92153e-10,6.4858e-11,2.17215,0.170934,39.586,Unassociated,Link,Link,Link
9,3FGL J0114.8+1917,,18.7099,19.2947,130.52,-43.2319,2.33113e-10,6.06934e-11,2.31024,0.230573,38.4403,Unassociated,Link,Link,Link
10,3FGL J0121.8-3917,,20.4574,-39.2861,277.343,-76.2937,1.96488e-10,5.7963e-11,1.79941,0.196947,37.096,Unassociated,Link,Link,Link
11,3FGL J0132.1-5340,,23.0448,-53.6735,289.86,-62.4086,2.42427e-10,5.99514e-11,2.3194,0.192634,34.9,Unassociated,Link,Link,Link
12,3FGL J0133.2-4737,,23.307,-47.6199,283.941,-67.938,1.57639e-10,5.24105e-11,2.70747,0.199812,33.4282,Unassociated,Link,Link,Link
13,3FGL J0203.6+1148,,30.9169,11.8028,149.514,-47.3066,3.15747e-10,7.87787e-11,2.71452,0.15663,33.051,Unassociated,Link,Link,Link
14,3FGL J0216.0+0300,,34.0134,3.0164,160.324,-53.5976,2.38503e-10,7.00863e-11,2.01377,0.221717,37.6005,Unassociated,Link,Link,Link
15,3FGL J0221.2+2518,,35.3203,25.3056,147.333,-33.2737,3.3216e-10,7.72456e-11,1.93567,0.168038,38.0357,Unassociated,Link,Link,Link
16,3FGL J0226.7-4747,,36.6951,-47.7837,267.303,-62.2162,1.66006e-10,5.43181e-11,2.91865,0.18653,38.049,Unassociated,Link,Link,Link
17,3FGL J0234.2-0629,,38.5642,-6.4981,177.423,-58.0344,2.39873e-10,6.57883e-11,1.81339,0.19732,35.2506,Unassociated,Link,Link,Link
18,3FGL J0239.0+2555,,39.7679,25.92,151.271,-30.9624,2.5822e-10,7.67005e-11,2.06187,0.24757,26.9644,Unassociated,Link,Link,Link
19,3FGL J0251.1-1829,,42.7971,-18.4857,201.866,-61.1657,1.80755e-10,5.70714e-11,1.61989,0.199222,37.6787,Unassociated,Link,Link,Link
20,3FGL J0258.9+0552,,44.7397,5.8759,170.738,-44.8362,6.09765e-10,9.9531e-11,2.12462,0.113867,38.931,Unassociated,Link,Link,Link
21,3FGL J0308.4-2852,,47.103,-28.8734,224.367,-59.8184,1.93227e-10,6.11838e-11,2.53695,0.246384,26.1036,Unassociated,Link,Link,Link
22,3FGL J0312.7-2222,,48.1757,-22.3709,212.36,-57.6824,2.30612e-10,6.00029e-11,1.62477,0.159984,35.8184,Unassociated,Link,Link,Link
23,3FGL J0333.6+0233,,53.4123,2.5635,182.214,-40.9306,3.63981e-10,8.13159e-11,2.07103,0.168033,38.3313,Unassociated,Link,Link,Link
24,3FGL J0340.4-2423,,55.1044,-24.3871,218.532,-52.0295,2.4962e-10,6.57135e-11,2.08847,0.185553,28.9695,Unassociated,Link,Link,Link
25,3FGL J0342.8+1321,,55.7109,13.3623,174.19,-31.9663,2.74482e-10,8.94657e-11,1.90912,0.190101,38.9595,Unassociated,Link,Link,Link
26,3FGL J0348.1+4431,,57.0475,44.5292,153.032,-7.76882,4.18942e-10,1.02403e-10,2.27601,0.145595,29.8807,Unassociated,Link,Link,Link
27,3FGL J0351.0-2816,,57.769,-28.2767,225.377,-50.4533,2.19523e-10,6.0737e-11,2.04263,0.218901,38.4395,Unassociated,Link,Link,Link
28,3FGL J0351.4-3248,,57.8537,-32.8005,232.485,-50.8998,1.52545e-10,5.11034e-11,2.79707,0.194141,30.3114,Unassociated,Link,Link,Link
29,3FGL J0401.0-5359,,60.2591,-53.9863,264.138,-46.3061,1.87797e-10,5.29462e-11,2.22342,0.26997,29.3081,Unassociated,Link,Link,Link
30,3FGL J0415.7-4351,,63.9408,-43.8649,249.109,-45.9784,3.55697e-10,6.92413e-11,2.48317,0.115175,39.1071,Unassociated,Link,Link,Link
31,3FGL J0426.3+3510,,66.5876,35.1703,164.885,-9.65741,4.51761e-10,1.05772e-10,2.48868,0.134388,36.3705,Unassociated,Link,Link,Link
32,3FGL J0427.9-6704,,66.9821,-67.0777,279.135,-38.5445,6.72039e-10,7.95707e-11,2.45722,0.0732055,37.866,Unassociated,Link,Link,Link
33,3FGL J0447.1-2540,,71.7949,-25.6757,225.602,-37.6949,3.52849e-10,6.93385e-11,2.50135,0.131092,38.6956,Unassociated,Link,Link,Link
34,3FGL J0506.3-0357,,76.5865,-3.9522,204.036,-25.1152,4.18402e-10,1.03622e-10,2.1676,0.134481,27.2916,Unassociated,Link,Link,Link
35,3FGL J0506.9+0321,,76.7352,3.3616,197.192,-21.3745,2.39076e-10,7.93589e-11,1.80433,0.217031,33.1199,Unassociated,Link,Link,Link
36,3FGL J0512.0-3737,,78.0154,-37.6231,241.513,-35.0665,2.39558e-10,6.84281e-11,2.07485,0.212487,39.7356,Unassociated,Link,Link,Link
37,3FGL J0516.6+1012,,79.1702,10.2062,192.374,-15.7308,3.09853e-10,1.14147e-10,1.99974,0.300694,36.3858,Unassociated,Link,Link,Link
38,3FGL J0524.5-6937,,81.1278,-69.6294,280.3,-32.8316,2.49589e-10,8.72862e-11,1.63339,0.19438,36.4205,Unassociated,Link,Link,Link
39,3FGL J0537.4+3604c,,84.3505,36.0747,173.023,2.30108,6.97422e-10,1.64936e-10,2.27124,0.12976,28.4404,Unassociated,Link,Link,Link
40,3FGL J0538.8-0341,,84.7094,-3.6957,207.847,-17.8213,4.78118e-10,1.15065e-10,2.56439,0.125295,31.5705,Unassociated,Link,Link,Link
41,3FGL J0539.2-0536,,84.8007,-5.6013,209.678,-18.607,5.87968e-10,1.46976e-10,2.51762,0.248535,30.4928,Unassociated,Link,Link,Link
42,3FGL J0541.1+3553,,85.2775,35.8975,173.572,2.84227,2.135e-09,2.34588e-10,2.53795,0.132557,35.1678,Unassociated,Link,Link,Link
43,3FGL J0544.7+2239,,86.1758,22.6572,185.256,-3.44724,6.15398e-10,1.42251e-10,2.49894,0.18143,37.4496,Unassociated,Link,Link,Link
44,3FGL J0557.7-0720,,89.4499,-7.3403,213.456,-15.2457,3.80879e-10,1.03287e-10,2.14806,0.175214,33.0594,Unassociated,Link,Link,Link
45,3FGL J0559.8+3042,,89.9622,30.7153,180.035,3.56189,3.49781e-10,1.05117e-10,1.71105,0.172617,38.9955,Unassociated,Link,Link,Link
46,3FGL J0623.1-4143,,95.7795,-41.7256,249.549,-22.6657,2.51742e-10,6.60214e-11,2.29008,0.185844,31.7469,Unassociated,Link,Link,Link
47,3FGL J0657.6-4701,,104.424,-47.0263,257.003,-18.4853,3.14644e-10,8.41314e-11,2.01112,0.190085,38.1465,Unassociated,Link,Link,Link
48,3FGL J0700.6+3557,,105.162,35.9665,180.803,17.2622,2.83923e-10,6.84853e-11,2.40319,0.149474,35.7686,Unassociated,Link,Link,Link
49,3FGL J0704.3-4828,,106.075,-48.4751,258.842,-17.9558,2.57991e-10,8.32529e-11,1.97427,0.239348,28.2218,Unassociated,Link,Link,Link
50,3FGL J0714.7-3924,,108.677,-39.4086,250.94,-12.6958,4.33978e-10,9.85469e-11,2.3836,0.139879,39.8985,Unassociated,Link,Link,Link
51,3FGL J0716.0-4525,,109.011,-45.4221,256.691,-14.943,2.6329e-10,7.19467e-11,2.25825,0.182865,38.2498,Unassociated,Link,Link,Link
52,3FGL J0718.9-5004,,109.738,-50.0794,261.333,-16.3381,3.86673e-10,8.4004e-11,2.39174,0.135616,35.0057,Unassociated,Link,Link,Link
53,3FGL J0725.4-5007,,111.371,-50.1197,261.806,-15.394,2.15137e-10,8.01411e-11,1.94153,0.276596,30.9984,Unassociated,Link,Link,Link
54,3FGL J0725.8-3532,,111.459,-35.5373,248.379,-9.01749,3.90227e-10,9.20177e-11,2.35854,0.176205,35.6011,Unassociated,Link,Link,Link
55,3FGL J0731.8-3010,,112.974,-30.1768,244.191,-5.3991,2.24775e-10,9.88382e-11,1.66924,0.247994,32.2033,Unassociated,Link,Link,Link
56,3FGL J0739.8+1312,,114.974,13.2109,206.327,16.6217,2.11048e-10,6.48354e-11,2.73459,0.153979,36.2061,Unassociated,Link,Link,Link
57,3FGL J0740.6-5230,,115.162,-52.5042,265.079,-14.2615,5.18997e-10,9.36324e-11,2.23041,0.126851,37.3388,Unassociated,Link,Link,Link
58,3FGL J0744.3+1715,,116.082,17.2559,202.904,19.249,3.5699e-10,7.90253e-11,2.26117,0.143568,31.5213,Unassociated,Link,Link,Link
59,3FGL J0747.4-0734,,116.863,-7.5801,226.199,8.81995,4.65955e-10,1.037e-10,2.11312,0.150109,34.8226,Unassociated,Link,Link,Link
60,3FGL J0747.5-4927,,116.89,-49.4584,262.806,-11.9038,4.94792e-10,9.43224e-11,2.27348,0.169382,39.6524,Unassociated,Link,Link,Link
61,3FGL J0757.5-0536,,119.396,-5.6063,225.696,11.9796,3.397e-10,7.79281e-11,2.69497,0.122798,34.7783,Unassociated,Link,Link,Link
62,3FGL J0758.6-1451,,119.656,-14.8661,233.96,7.56186,1.12949e-09,1.35757e-10,1.98434,0.179058,38.6277,Unassociated,Link,Link,Link
63,3FGL J0802.3-0941,,120.59,-9.696,229.917,10.9744,6.20367e-10,9.60102e-11,2.28206,0.112163,35.8834,Unassociated,Link,Link,Link
64,3FGL J0813.5-0356,,123.387,-3.9388,226.22,16.2618,2.19985e-10,6.67065e-11,1.66701,0.190703,32.1268,Unassociated,Link,Link,Link
65,3FGL J0826.3-6400,,126.593,-64.0109,278.437,-14.6494,4.24464e-10,8.26998e-11,2.34202,0.131106,35.3519,Unassociated,Link,Link,Link
66,3FGL J0829.8-5239,,127.468,-52.6586,269.099,-7.91604,5.57757e-10,1.10335e-10,2.56151,0.111457,39.9552,Unassociated,Link,Link,Link
67,3FGL J0846.8-2638,,131.716,-26.6498,250.212,10.3329,3.46962e-10,8.26252e-11,2.47283,0.135666,36.6591,Unassociated,Link,Link,Link
68,3FGL J0855.4-4818,,133.855,-48.3163,268.153,-2.04874,1.92984e-09,3.10273e-10,2.80792,0.172621,33.8377,Unassociated,Link,Link,Link
69,3FGL J0901.0-6725,,135.262,-67.4256,283.439,-13.7666,2.58388e-10,6.91591e-11,2.52385,0.168947,38.7455,Unassociated,Link,Link,Link
70,3FGL J0919.5-2200,,139.883,-22.0054,251.396,19.0269,2.86412e-10,7.32801e-11,2.19767,0.255144,37.5227,Unassociated,Link,Link,Link
71,3FGL J0935.1-1736,,143.787,-17.6062,250.499,24.6957,3.43819e-10,8.52377e-11,1.74864,0.156548,33.4467,Unassociated,Link,Link,Link
72,3FGL J0948.8-4243,,147.204,-42.7211,270.845,8.49168,4.88227e-10,9.83367e-11,2.49293,0.122085,39.9689,Unassociated,Link,Link,Link
73,3FGL J0952.8+0711,,148.217,7.1991,229.723,43.2661,2.40501e-10,6.89817e-11,1.69938,0.171843,39.5244,Unassociated,Link,Link,Link
74,3FGL J1002.0-2837,,150.503,-28.6281,263.619,21.0263,2.66607e-10,7.33679e-11,2.57619,0.153921,34.284,Unassociated,Link,Link,Link
75,3FGL J1010.8-7645c,,152.71,-76.7555,294.058,-16.7382,4.04938e-10,9.50854e-11,2.30661,0.158895,37.3265,Unassociated,Link,Link,Link
76,3FGL J1018.2-6254,,154.559,-62.9049,286.47,-5.03834,4.80865e-10,1.02085e-10,2.56774,0.121253,33.8016,Unassociated,Link,Link,Link
77,3FGL J1024.4-4545,,156.104,-45.7517,277.859,9.84103,3.05341e-10,9.04409e-11,1.96419,0.204,38.7732,Unassociated,Link,Link,Link
78,3FGL J1028.3-7419,,157.089,-74.3271,293.561,-14.1202,2.92116e-10,8.51388e-11,2.69005,0.161413,34.4225,Unassociated,Link,Link,Link
79,3FGL J1048.8-5006,,162.206,-50.1061,283.645,8.11742,4.24785e-10,9.92413e-11,2.29859,0.166874,38.7293,Unassociated,Link,Link,Link
80,3FGL J1052.0+0816,,163.018,8.281,241.059,56.0582,2.7224e-10,6.79262e-11,2.22353,0.163136,36.6082,Unassociated,Link,Link,Link
81,3FGL J1057.6-4051,,164.409,-40.8616,280.791,17.0665,2.47478e-10,7.95171e-11,1.75663,0.220058,37.8729,Unassociated,Link,Link,Link
82,3FGL J1057.7-6624,,164.436,-66.4034,291.887,-6.001,8.90124e-10,1.2065e-10,2.45956,0.100221,29.8981,Unassociated,Link,Link,Link
83,3FGL J1105.7+4427,,166.427,44.4563,166.686,62.6486,2.18623e-10,5.2678e-11,2.40569,0.168539,28.5201,Unassociated,Link,Link,Link
84,3FGL J1106.6-1744,,166.661,-17.7399,270.465,38.437,3.54536e-10,7.922e-11,2.03226,0.129032,37.9151,Unassociated,Link,Link,Link
85,3FGL J1123.6-4558,,170.915,-45.9683,287.388,14.2374,3.68057e-10,8.92135e-11,2.19412,0.144536,32.0083,Unassociated,Link,Link,Link
86,3FGL J1125.1-5803,,171.295,-58.0638,291.707,2.91554,4.16875e-10,1.59864e-10,1.87707,0.237234,37.8354,Unassociated,Link,Link,Link
87,3FGL J1128.6-5434,,172.161,-54.5792,291.037,6.36918,1.45719e-10,7.10291e-11,2.55541,0.228726,38.9745,Unassociated,Link,Link,Link
88,3FGL J1132.0-4736,,173.012,-47.602,289.335,13.1627,4.04111e-10,8.33727e-11,2.11377,0.141116,31.8725,Unassociated,Link,Link,Link
89,3FGL J1146.1-0640,,176.547,-6.683,275.534,52.6828,3.39959e-10,8.01576e-11,1.92085,0.171866,33.6355,Unassociated,Link,Link,Link
90,3FGL J1150.7-4816,,177.692,-48.283,292.623,13.3706,2.90827e-10,7.42247e-11,2.32959,0.153843,33.0158,Unassociated,Link,Link,Link
91,3FGL J1155.3-1112,,178.827,-11.2029,281.53,49.3222,1.77951e-10,5.94518e-11,1.53449,0.195411,34.7216,Unassociated,Link,Link,Link
92,3FGL J1208.0-6901,,182.01,-69.0258,299.044,-6.48232,5.18759e-10,1.01699e-10,2.48382,0.114569,38.1109,Unassociated,Link,Link,Link
93,3FGL J1214.4-2315,,183.602,-23.2625,291.998,38.8218,4.09189e-10,8.45371e-11,2.38258,0.154408,37.7795,Unassociated,Link,Link,Link
94,3FGL J1215.9-1926,,183.992,-19.4354,291.534,42.65,3.19435e-10,7.86727e-11,2.41429,0.172002,33.2294,Unassociated,Link,Link,Link
95,3FGL J1223.2+1215,,185.804,12.2618,277.57,73.7279,3.1699e-10,7.39686e-11,2.21314,0.158859,39.2903,Unassociated,Link,Link,Link
96,3FGL J1225.4-3448,,186.356,-34.807,296.9,27.7599,1.92488e-10,7.07509e-11,1.7597,0.244618,33.9225,Unassociated,Link,Link,Link
97,3FGL J1250.2-0233,,192.568,-2.5638,302.344,60.3066,9.25646e-11,5.21477e-11,1.09753,0.297504,26.468,Unassociated,Link,Link,Link
98,3FGL J1251.0-4943,,192.773,-49.7314,302.875,13.1403,5.40545e-10,9.74351e-11,2.03018,0.139869,36.26,Unassociated,Link,Link,Link
99,3FGL J1306.4-6043,,196.615,-60.7317,304.768,2.08643,5.5165e-09,3.05815e-10,1.95605,0.0738954,35.6882,Unassociated,Link,Link,Link
100,3FGL J1308.7-5738,,197.199,-57.6394,305.263,5.15373,5.07881e-10,1.1528e-10,2.67855,0.137687,33.824,Unassociated,Link,Link,Link
101,3FGL J1323.2-3901,,200.81,-39.0247,309.658,23.4313,4.15062e-10,8.81569e-11,2.52263,0.144586,35.5372,Unassociated,Link,Link,Link
102,3FGL J1325.2-5411,,201.314,-54.1859,307.921,8.35787,7.51849e-10,1.23495e-10,2.47465,0.101433,31.6868,Unassociated,Link,Link,Link
103,3FGL J1334.3-4152,,203.587,-41.8685,311.431,20.2939,2.54638e-10,1.04093e-10,2.00637,0.327667,38.4986,Unassociated,Link,Link,Link
104,3FGL J1342.4-6904,,205.611,-69.0714,307.485,-6.65181,4.09018e-10,1.00532e-10,2.6378,0.169337,33.3065,Unassociated,Link,Link,Link
105,3FGL J1404.7-5844,,211.191,-58.7395,312.337,2.78682,6.41271e-10,2.13638e-10,2.04168,0.265073,39.2054,Unassociated,Link,Link,Link
106,3FGL J1411.4-0724,,212.855,-7.4143,335.071,50.399,2.65719e-10,8.63173e-11,1.89791,0.207688,37.256,Unassociated,Link,Link,Link
107,3FGL J1438.6-4209,,219.669,-42.1607,323.331,16.424,3.97798e-10,8.6055e-11,2.32115,0.215228,33.8211,Unassociated,Link,Link,Link
108,3FGL J1444.0-7033,,221.013,-70.5636,312.098,-9.723,4.05902e-10,9.23698e-11,2.44857,0.155325,37.9015,Unassociated,Link,Link,Link
109,3FGL J1457.6-6249,,224.4,-62.8296,316.777,-3.39988,7.90275e-10,1.60183e-10,2.44984,0.115998,33.4204,Unassociated,Link,Link,Link
110,3FGL J1457.6-5355,,224.412,-53.9259,320.935,4.4749,5.66322e-10,1.26386e-10,2.41864,0.16078,38.436,Unassociated,Link,Link,Link
111,3FGL J1458.7-2120,,224.688,-21.3346,338.591,32.5782,5.62414e-10,9.67487e-11,2.34168,0.109259,35.3561,Unassociated,Link,Link,Link
112,3FGL J1513.3-3719,,228.329,-37.3186,331.863,17.4577,2.12597e-10,7.95013e-11,1.68497,0.220339,29.4917,Unassociated,Link,Link,Link
113,3FGL J1517.0+2637,,229.253,26.6305,40.5371,57.6493,1.97756e-10,6.25582e-11,2.00135,0.228394,28.3951,Unassociated,Link,Link,Link
114,3FGL J1541.6+1414,,235.403,14.234,23.6763,48.3916,3.05139e-10,8.89091e-11,1.97511,0.225121,38.1866,Unassociated,Link,Link,Link
115,3FGL J1549.4-4832,,237.375,-48.5384,330.684,4.5009,9.10036e-10,1.61917e-10,2.74199,0.0978589,31.0826,Unassociated,Link,Link,Link
116,3FGL J1549.9-3044,,237.475,-30.7455,342.368,18.1415,1.83027e-10,6.23251e-11,1.43961,0.175566,35.2586,Unassociated,Link,Link,Link
117,3FGL J1624.2-3957,,246.066,-39.9566,341.102,6.64709,8.67859e-10,1.73491e-10,2.51979,0.126021,32.4702,Unassociated,Link,Link,Link
118,3FGL J1625.1-0021,,246.279,-0.3586,13.8808,31.8378,3.56964e-09,2.11807e-10,1.66357,0.116929,37.31,Unassociated,Link,Link,Link
119,3FGL J1625.6-2058,,246.422,-20.9788,355.668,19.2877,6.84538e-10,1.31049e-10,2.54092,0.106449,39.463,Unassociated,Link,Link,Link
120,3FGL J1626.3-4406,,246.579,-44.1117,338.373,3.48124,6.02736e-10,1.40855e-10,2.92323,0.203209,39.5735,Unassociated,Link,Link,Link
121,3FGL J1627.8+3217,,246.968,32.2988,52.9583,43.2098,5.69284e-10,7.8459e-11,2.13928,0.0900996,33.0275,Unassociated,Link,Link,Link
122,3FGL J1628.1-3344,,247.027,-33.7417,346.196,10.3679,5.65611e-10,1.30757e-10,2.1166,0.174274,36.8333,Unassociated,Link,Link,Link
123,3FGL J1628.1-5740,,247.034,-57.6754,328.784,-6.12937,4.89239e-10,1.11425e-10,2.46391,0.154675,36.789,Unassociated,Link,Link,Link
124,3FGL J1628.2-2431c,,247.069,-24.528,353.26,16.5119,1.83684e-09,2.51782e-10,2.37212,0.0764392,30.2843,Unassociated,Link,Link,Link
125,3FGL J1628.7-8056,,247.176,-80.9341,310.846,-21.6224,2.74306e-10,7.5835e-11,2.75426,0.151138,33.3842,Unassociated,Link,Link,Link
126,3FGL J1630.2-1052,,247.554,-10.867,4.90696,24.7818,5.53631e-10,1.17674e-10,2.29769,0.116311,29.2417,Unassociated,Link,Link,Link
127,3FGL J1630.3-4346,,247.594,-43.7672,339.128,3.19084,7.28073e-10,3.72673e-10,2.12662,0.475736,39.5878,Unassociated,Link,Link,Link
128,3FGL J1632.8+3838,,248.202,38.6477,61.7412,42.8468,4.13536e-10,9.84323e-11,2.45232,0.200962,29.2697,Unassociated,Link,Link,Link
129,3FGL J1644.6-0911,,251.174,-9.1856,8.67645,22.8728,4.58881e-10,1.09717e-10,2.56821,0.142794,38.5097,Unassociated,Link,Link,Link
130,3FGL J1645.7-2149,,251.448,-21.8241,358.092,15.1341,1.48262e-09,1.99416e-10,2.29088,0.197373,37.0821,Unassociated,Link,Link,Link
131,3FGL J1648.6-5635,,252.166,-56.5841,331.464,-7.4941,4.70626e-10,1.06081e-10,2.80108,0.130584,38.295,Unassociated,Link,Link,Link
132,3FGL J1655.1-3954,,253.784,-39.9047,345.073,2.24962,3.68696e-10,2.08365e-10,1.67991,0.291421,34.0862,Unassociated,Link,Link,Link
133,3FGL J1656.9-3919c,,254.245,-39.3274,345.746,2.33374,1.15714e-09,2.61007e-10,2.45301,0.377114,39.6478,Unassociated,Link,Link,Link
134,3FGL J1702.1-2524,,255.53,-25.4128,357.496,9.98409,3.13197e-10,1.35874e-10,1.75934,0.278702,24.9302,Unassociated,Link,Link,Link
135,3FGL J1703.6-2850,,255.924,-28.8477,354.922,7.64966,5.09251e-10,1.24702e-10,2.22685,0.166135,26.8785,Unassociated,Link,Link,Link
136,3FGL J1719.2-2433,,259.819,-24.5514,0.48673,7.31752,7.3934e-10,1.59491e-10,2.66495,0.121348,39.7124,Unassociated,Link,Link,Link
137,3FGL J1721.4-5253,,260.356,-52.8969,337.295,-9.10182,6.47096e-10,1.20346e-10,2.58453,0.124407,38.2319,Unassociated,Link,Link,Link
138,3FGL J1722.7-0415,,260.691,-4.2644,18.495,17.5166,1.01953e-09,1.69845e-10,2.29492,0.0918857,34.0286,Unassociated,Link,Link,Link
139,3FGL J1725.0-0513,,261.251,-5.2228,17.9235,16.5514,6.14953e-10,1.57219e-10,2.01844,0.177643,36.8594,Unassociated,Link,Link,Link
140,3FGL J1729.9-0859,,262.491,-8.9861,15.218,13.576,3.78808e-10,1.09641e-10,2.44828,0.24257,28.7197,Unassociated,Link,Link,Link
141,3FGL J1730.6-0357,,262.665,-3.9524,19.8037,15.9657,1.32514e-09,1.89265e-10,1.86748,0.320702,29.9717,Unassociated,Link,Link,Link
142,3FGL J1736.0-2701,,264.019,-27.0201,0.510727,2.80166,2.50016e-09,3.65457e-10,2.55461,0.232944,38.4509,Unassociated,Link,Link,Link
143,3FGL J1740.5-2642,,265.137,-26.7115,1.30435,2.12292,2.84379e-09,3.51687e-10,2.30185,0.190826,33.4228,Unassociated,Link,Link,Link
144,3FGL J1744.8-1557,,266.215,-15.9588,11.0344,6.87593,7.33879e-10,1.52772e-10,2.43483,0.126945,32.9636,Unassociated,Link,Link,Link
145,3FGL J1746.6+0433,,266.652,4.5595,29.5771,16.4909,4.85501e-10,1.15557e-10,2.54368,0.159463,39.8605,Unassociated,Link,Link,Link
146,3FGL J1757.8-3126,,269.47,-31.4458,359.19,-3.55792,1.17313e-09,1.99712e-10,2.41952,0.100919,38.5426,Unassociated,Link,Link,Link
147,3FGL J1759.2-3848,,269.814,-38.8107,352.887,-7.42665,7.65115e-10,1.41225e-10,2.23629,0.11887,32.4604,Unassociated,Link,Link,Link
148,3FGL J1802.4-3043,,270.614,-30.7242,0.303816,-4.05385,9.71004e-10,1.86922e-10,2.11069,0.121968,37.902,Unassociated,Link,Link,Link
149,3FGL J1808.4-3519,,272.101,-35.3291,356.85,-7.36263,5.98118e-10,1.2455e-10,2.30896,0.124247,28.4385,Unassociated,Link,Link,Link
150,3FGL J1808.4-3703,,272.124,-37.0507,355.325,-8.18848,5.12305e-10,1.13989e-10,2.19095,0.136915,36.7478,Unassociated,Link,Link,Link
151,3FGL J1809.0+3517,,272.273,35.2852,61.9837,23.3824,3.19148e-10,6.88834e-11,2.4414,0.170035,38.0,Unassociated,Link,Link,Link
152,3FGL J1809.2-2725,,272.315,-27.4281,3.91561,-3.75485,8.05768e-10,1.70733e-10,2.30889,0.130421,37.4891,Unassociated,Link,Link,Link
153,3FGL J1813.6+2820,,273.421,28.3364,55.2613,20.1752,3.67968e-10,8.1078e-11,2.2068,0.156122,38.8114,Unassociated,Link,Link,Link
154,3FGL J1813.6-1148,,273.423,-11.8084,18.1223,2.83767,1.18063e-09,1.94754e-10,2.87415,0.14466,31.6663,Unassociated,Link,Link,Link
155,3FGL J1818.5+1320,,274.633,13.3374,41.3098,13.2441,3.93358e-10,9.71953e-11,2.00759,0.159463,37.0668,Unassociated,Link,Link,Link
156,3FGL J1823.2-4722,,275.805,-47.3805,347.058,-15.1612,4.33809e-10,9.00565e-11,2.0415,0.135042,36.0204,Unassociated,Link,Link,Link
157,3FGL J1827.7+1141,,276.925,11.6971,40.7816,10.5178,6.78575e-10,1.1865e-10,2.11203,0.107616,38.6014,Unassociated,Link,Link,Link
158,3FGL J1829.2-1504,,277.321,-15.0827,17.0148,-2.04703,5.56976e-10,2.99161e-10,1.60578,0.295216,33.4946,Unassociated,Link,Link,Link
159,3FGL J1829.9-0203c,,277.488,-2.0541,28.647,3.8364,1.76687e-09,3.39887e-10,2.38569,0.127668,35.9734,Unassociated,Link,Link,Link
160,3FGL J1831.6-6503,,277.919,-65.0656,329.953,-22.4061,6.67482e-10,1.109e-10,1.95853,0.298343,35.3304,Unassociated,Link,Link,Link
161,3FGL J1831.7-0230,,277.942,-2.5007,28.4585,3.22842,2.78819e-09,3.73439e-10,2.85462,0.160434,31.105,Unassociated,Link,Link,Link
162,3FGL J1831.7-0157c,,277.948,-1.9614,28.9409,3.47119,1.74935e-09,3.34975e-10,2.53959,0.14818,38.1796,Unassociated,Link,Link,Link
163,3FGL J1842.2+2742,,280.563,27.7026,57.1313,14.0961,6.98531e-10,1.04954e-10,2.13337,0.0980261,38.6989,Unassociated,Link,Link,Link
164,3FGL J1855.6+0753,,283.911,7.8834,40.4305,2.65749,2.00597e-09,2.57314e-10,2.60183,0.073321,30.9946,Unassociated,Link,Link,Link
165,3FGL J1858.0-5423,,284.501,-54.3915,342.04,-22.6789,3.94054e-10,8.36927e-11,2.11926,0.134958,38.7518,Unassociated,Link,Link,Link
166,3FGL J1911.1-5318,,287.795,-53.3026,343.716,-24.2908,3.14739e-10,7.67861e-11,2.45256,0.136821,39.495,Unassociated,Link,Link,Link
167,3FGL J1936.6-4215,,294.164,-42.266,356.664,-25.8358,3.33558e-10,8.28039e-11,2.30819,0.148861,32.9004,Unassociated,Link,Link,Link
168,3FGL J1944.8+4300,,296.222,43.0047,76.8071,9.24122,3.21708e-10,8.65548e-11,2.01613,0.192065,39.7463,Unassociated,Link,Link,Link
169,3FGL J1946.4-5403,,296.614,-54.057,343.888,-29.563,1.72263e-09,1.39318e-10,1.89631,0.107107,39.6856,Unassociated,Link,Link,Link
170,3FGL J1948.1-7059,,297.037,-70.9887,324.353,-30.1404,2.51708e-10,6.57312e-11,2.58052,0.176424,35.7221,Unassociated,Link,Link,Link
171,3FGL J1951.8-1102,,297.969,-11.0336,29.6906,-18.3587,4.24533e-10,1.1215e-10,2.10477,0.162933,36.8697,Unassociated,Link,Link,Link
172,3FGL J1953.3+3847,,298.329,38.798,73.9102,5.77939,6.29107e-10,1.18529e-10,2.55981,0.118515,37.7991,Unassociated,Link,Link,Link
173,3FGL J1955.7-7019,,298.948,-70.3218,325.066,-30.8244,2.87264e-10,7.04229e-11,2.20169,0.185285,38.3228,Unassociated,Link,Link,Link
174,3FGL J1958.2-1413,,299.568,-14.2223,27.2991,-21.1041,4.49693e-10,9.84508e-11,2.41462,0.116804,32.1602,Unassociated,Link,Link,Link
175,3FGL J2006.5-0939,,301.628,-9.6661,32.6372,-21.0295,3.51786e-10,8.90703e-11,2.43694,0.138331,33.2607,Unassociated,Link,Link,Link
176,3FGL J2006.6+0150,,301.659,1.846,43.443,-15.782,3.54657e-10,8.56751e-11,1.87221,0.133955,30.0659,Unassociated,Link,Link,Link
177,3FGL J2009.2-1458,,302.304,-14.9776,27.7028,-23.8317,4.15932e-10,9.44415e-11,2.63993,0.122252,34.8679,Unassociated,Link,Link,Link
178,3FGL J2010.0-2120,,302.506,-21.3343,21.2753,-26.3986,3.83787e-10,8.90155e-11,2.05279,0.144524,39.2485,Unassociated,Link,Link,Link
179,3FGL J2015.3-1431,,303.849,-14.5315,28.8062,-25.0251,2.31849e-10,8.00756e-11,1.77034,0.217077,33.0323,Unassociated,Link,Link,Link
180,3FGL J2018.6+4213,,304.675,42.2304,79.4027,3.53053,1.98869e-09,2.49972e-10,2.26888,0.0764465,35.9522,Unassociated,Link,Link,Link
181,3FGL J2022.2-7220,,305.565,-72.3396,322.334,-32.5962,2.33435e-10,6.15461e-11,1.94942,0.195283,38.6785,Unassociated,Link,Link,Link
182,3FGL J2024.8-2331,,306.21,-23.528,20.2405,-30.3613,2.53893e-10,7.29327e-11,1.94989,0.169222,37.6325,Unassociated,Link,Link,Link
183,3FGL J2025.1-2858,,306.277,-28.9764,14.1748,-32.028,3.22505e-10,7.88744e-11,2.18652,0.219545,32.8741,Unassociated,Link,Link,Link
184,3FGL J2026.8+2813,,306.718,28.2313,68.8424,-5.82345,1.06395e-09,1.76301e-10,2.12562,0.261625,36.9714,Unassociated,Link,Link,Link
185,3FGL J2028.7+1012,,307.191,10.2071,53.8422,-16.2656,3.29844e-10,8.13906e-11,2.45345,0.173157,29.4793,Unassociated,Link,Link,Link
186,3FGL J2029.5-4232,,307.389,-42.5374,358.345,-35.4883,4.10633e-10,8.21195e-11,2.49555,0.114371,39.8703,Unassociated,Link,Link,Link
187,3FGL J2030.5-1439,,307.629,-14.6543,30.3043,-28.432,2.23771e-10,7.31764e-11,1.865,0.218681,39.493,Unassociated,Link,Link,Link
188,3FGL J2033.3+4348c,,308.338,43.8118,82.2439,2.25823,1.07757e-09,2.62066e-10,2.24254,0.135689,39.3848,Unassociated,Link,Link,Link
189,3FGL J2038.8-3613,,309.706,-36.2178,6.37933,-36.4187,5.19331e-10,9.05534e-11,2.44791,0.10447,38.7199,Unassociated,Link,Link,Link
190,3FGL J2039.6-5618,,309.918,-56.3121,341.231,-37.1551,2.3186e-09,1.52889e-10,1.96976,0.0837734,34.5951,Unassociated,Link,Link,Link
191,3FGL J2039.7+1237,,309.937,12.6259,57.4936,-17.1971,3.14255e-10,8.38771e-11,2.09749,0.214795,37.2786,Unassociated,Link,Link,Link
192,3FGL J2043.8-4801,,310.95,-48.0206,351.654,-38.2633,6.27894e-10,8.84668e-11,2.24392,0.0973468,35.1947,Unassociated,Link,Link,Link
193,3FGL J2056.3-5925,,314.097,-59.4218,336.888,-38.856,3.5605e-10,7.13486e-11,2.30149,0.118194,37.305,Unassociated,Link,Link,Link
194,3FGL J2059.9+2029,,314.995,20.488,67.1143,-16.491,3.27659e-10,8.14804e-11,2.57619,0.154466,34.8551,Unassociated,Link,Link,Link
195,3FGL J2104.7+2113,,316.193,21.2282,68.4473,-16.9041,3.2086e-10,8.95311e-11,2.05133,0.18749,34.3171,Unassociated,Link,Link,Link
196,3FGL J2116.9+1343,,319.234,13.7281,64.1442,-23.8618,3.34532e-10,7.61326e-11,2.35548,0.181131,37.0258,Unassociated,Link,Link,Link
197,3FGL J2121.5-8253,,320.381,-82.8931,309.527,-31.3017,3.32689e-10,8.23592e-11,2.58024,0.168477,39.1069,Unassociated,Link,Link,Link
198,3FGL J2127.5-6001,,321.893,-60.0313,334.661,-42.4541,2.06731e-10,6.06363e-11,1.95062,0.200183,29.955,Unassociated,Link,Link,Link
199,3FGL J2131.5+2605,,322.896,26.0971,76.5386,-18.2735,3.64836e-10,9.20778e-11,2.26988,0.171273,37.303,Unassociated,Link,Link,Link
200,3FGL J2142.6-2029,,325.656,-20.4987,31.1422,-46.5567,1.24499e-10,6.83316e-11,1.52227,0.3317,28.6339,Unassociated,Link,Link,Link
201,3FGL J2142.7+1957,,325.682,19.9575,73.7332,-24.3924,2.29148e-10,7.39493e-11,2.00917,0.245823,37.6323,Unassociated,Link,Link,Link
202,3FGL J2144.6-5640,,326.155,-56.6796,337.889,-45.7486,1.97879e-10,5.66989e-11,2.45723,0.311576,34.7321,Unassociated,Link,Link,Link
203,3FGL J2145.5+1007,,326.376,10.1303,66.047,-31.5382,1.70824e-10,7.00738e-11,1.5527,0.25203,38.223,Unassociated,Link,Link,Link
204,3FGL J2151.6+4154,,327.903,41.906,90.718,-9.44879,5.83391e-10,1.07296e-10,1.84876,0.117974,33.7744,Unassociated,Link,Link,Link
205,3FGL J2217.8+3207,,334.462,32.1317,88.8019,-20.3736,2.91766e-10,7.44818e-11,2.38875,0.175503,31.7966,Unassociated,Link,Link,Link
206,3FGL J2224.4+0351,,336.102,3.8594,68.3375,-42.9006,2.13793e-10,7.35596e-11,1.59563,0.206026,34.308,Unassociated,Link,Link,Link
207,3FGL J2258.2-3645,,344.562,-36.75,3.9025,-64.2522,2.74975e-10,6.41637e-11,1.95587,0.158346,33.9376,Unassociated,Link,Link,Link
208,3FGL J2300.0+4053,,345.024,40.8929,101.243,-17.2428,1.71904e-10,7.46275e-11,1.51392,0.25715,36.2482,Unassociated,Link,Link,Link
209,3FGL J2321.6-1619,,350.405,-16.3313,55.7427,-66.5699,1.35551e-10,5.20584e-11,1.53278,0.212577,38.8769,Unassociated,Link,Link,Link
210,3FGL J2327.2-4130,,351.825,-41.5081,347.687,-67.557,2.86176e-10,7.05081e-11,2.40081,0.165299,31.9392,Unassociated,Link,Link,Link
211,3FGL J2334.4-7948,,353.608,-79.8041,307.106,-36.6921,2.17099e-10,6.4282e-11,2.62141,0.192172,32.0047,Unassociated,Link,Link,Link
212,3FGL J2335.6-2342,,353.901,-23.7131,40.0083,-72.558,2.79776e-10,6.45379e-11,2.64698,0.138918,32.4626,Unassociated,Link,Link,Link
213,3FGL J2337.2-8425,,354.314,-84.4224,305.031,-32.4006,2.87106e-10,7.91312e-11,2.14096,0.233474,26.6558,Unassociated,Link,Link,Link
214,3FGL J2337.5+4108,,354.394,41.1386,108.263,-19.6197,2.96471e-10,7.27359e-11,2.22603,0.159582,34.1692,Unassociated,Link,Link,Link
215,3FGL J2343.0-4748,,355.763,-47.802,331.241,-65.394,5.11075e-10,7.51682e-11,2.16032,0.104546,37.9142,Unassociated,Link,Link,Link
216,3FGL J2351.9-7601,,357.982,-76.0301,307.612,-40.5528,2.75175e-10,6.91809e-11,1.69058,0.164547,35.7184,Unassociated,Link,Link,Link
