solution_id,designation,random_index,ref_epoch,ra,ra_error,dec,dec_error,parallax,parallax_error,parallax_over_error,pmra,pmra_error,pmdec,pmdec_error,ra_dec_corr,ra_parallax_corr,ra_pmra_corr,ra_pmdec_corr,dec_parallax_corr,dec_pmra_corr,dec_pmdec_corr,parallax_pmra_corr,parallax_pmdec_corr,pmra_pmdec_corr,astrometric_n_obs_al,astrometric_n_obs_ac,astrometric_n_good_obs_al,astrometric_n_bad_obs_al,astrometric_gof_al,astrometric_chi2_al,astrometric_excess_noise,astrometric_excess_noise_sig,astrometric_params_solved,astrometric_primary_flag,astrometric_weight_al,astrometric_pseudo_colour,astrometric_pseudo_colour_error,mean_varpi_factor_al,astrometric_matched_observations,visibility_periods_used,astrometric_sigma5d_max,frame_rotator_object_type,matched_observations,duplicated_source,phot_g_n_obs,phot_g_mean_flux,phot_g_mean_flux_error,phot_g_mean_flux_over_error,phot_g_mean_mag,phot_bp_n_obs,phot_bp_mean_flux,phot_bp_mean_flux_error,phot_bp_mean_flux_over_error,phot_bp_mean_mag,phot_rp_n_obs,phot_rp_mean_flux,phot_rp_mean_flux_error,phot_rp_mean_flux_over_error,phot_rp_mean_mag,phot_bp_rp_excess_factor,phot_proc_mode,bp_rp,bp_g,g_rp,radial_velocity,radial_velocity_error,rv_nb_transits,rv_template_teff,rv_template_logg,rv_template_fe_h,phot_variable_flag,l,b,ecl_lon,ecl_lat,priam_flags,teff_val,teff_percentile_lower,teff_percentile_upper,a_g_val,a_g_percentile_lower,a_g_percentile_upper,e_bp_min_rp_val,e_bp_min_rp_percentile_lower,e_bp_min_rp_percentile_upper,flame_flags,radius_val,radius_percentile_lower,radius_percentile_upper,lum_val,lum_percentile_lower,lum_percentile_upper,datalink_url,epoch_photometry_url,table6_oid,col1,dec20155,dist,ep,raj20155,simbadname,sptype,star,vmag,pmde,pmra,source_id
1635721458409799680,Gaia DR2 2306965202564506752,1571556782,2015.5,1.3822996394176863,0.05875874119331784,-37.367419718861996,0.03797600567064424,230.13312381702306,0.06002876759093581,3833.7139,5633.374183198994,0.16972313908302883,-2334.794425081718,0.07534670331797896,-0.3756251,0.2015268,-0.42274854,0.1869633,-0.28807023,0.2908007,-0.06250478,0.14412655,-0.3723064,-0.357275,143,143,141,2,10.130097,379.49753,0.0,1.2031869024079404E-15,31,true,72.660576,1.4049606631046507,0.013662218568965951,-0.16601162,16,9,0.101105675,0,21,true,166,1.5943757655694507E7,13552.699424864482,1176.4268,7.681889,19,4083588.0561399986,7821.775881023148,522.0794,8.823783,19,1.7941509367220033E7,26978.841165042577,665.0215,6.6272726,1.3814245,0,2.1965103,1.1418939,1.0546165,25.294398776674555,0.15206612273427447,9,4000.0,3.0,-1.5,NOT_AVAILABLE,343.455383734064,-75.91379230267206,344.2667167034185,-34.36537768401686,100001,3910.005,3537.5,4133.425,0.281,0.1315,0.4272,0.1517,0.0802,0.233,,,,,,,,http://geadata.esac.esa.int/data-server/datalink/links?ID=2306965202564506752,,1,0,-37.3729173611,4.34,2015.5,1.38965833333,GJ1,M1.5V,GJ1,8.54,-2.33,5.64,2306965202564506752
1635721458409799680,Gaia DR2 2441630500517079808,650622296,2015.5,1.6764641244063048,0.09980506839452918,-7.546212317389292,0.06476906344300534,206.2134325090654,0.12813835338147714,1609.303,-811.4803545203705,0.20607892476614398,-1892.9045860487563,0.12547150960576084,0.33216733,0.34653893,-0.01750329,-0.2164367,-0.058431048,-0.14472485,0.2874871,0.005806328,-0.42905727,0.3192901,266,266,261,5,51.30168,4051.2039,0.3660261031321074,63.77240966881706,31,true,6.587856,1.199060953568401,0.019250532766639124,-0.031534873,30,12,0.10875565,0,37,false,301,365753.35334765207,253.12388837712265,1444.9579,11.780395,35,31778.532377900152,70.19515663472897,452.7169,14.096053,33,553243.1461226718,1155.1610534636093,478.9316,10.40463,1.5994978,0,3.6914234,2.3156586,1.3757648,,,0,,,,NOT_AVAILABLE,92.44527351142787,-67.73032798813067,358.51842918454474,-7.586660990892231,100001,3314.0,3293.25,3463.315,0.412,0.2545,0.5091,0.2618,0.1573,0.3268,,,,,,,,http://geadata.esac.esa.int/data-server/datalink/links?ID=2441630500517079808,,2,1,-7.55204097222,4.69,2015.5,1.67697638889,GJ1002,M5.0V,GJ1002,13.7,-1.87,-0.82,2441630500517079808
1635721458409799680,Gaia DR2 385334196532776576,1226507798,2015.5,4.624747719414744,0.03864741179070581,44.02869779093934,0.02615987735363922,280.7865717653615,0.05185107561209898,5415.2505,2863.283810649436,0.0693580499515171,336.5285582565324,0.038609005086360566,-0.18716827,0.31414768,-0.33999598,0.1625192,-0.15525083,0.11664436,-0.55008155,-0.36336264,0.3554505,-0.3366359,376,376,367,9,27.614805,1727.4783,0.13530974907231982,10.569701124467567,31,true,39.52193,1.2707815290390267,0.009830211199668492,0.04309743,43,16,0.045554284,0,46,false,368,2537462.3408684195,1760.5102397249982,1441.3221,9.677366,43,411894.3052635682,701.0435755642666,587.5445,11.314424,43,3279828.8192712474,2463.2633673565538,1331.4974,8.472292,1.4548879,0,2.8421316,1.6370573,1.2050743,,,0,,,,NOT_AVAILABLE,116.69980001417471,-18.444103833085315,24.70186219105005,37.923381293934725,100001,3636.07,3397.5576,3768.8174,0.3075,0.0579,0.524,0.188,0.0349,0.3033,,,,,,,,http://geadata.esac.esa.int/data-server/datalink/links?ID=385334196532776576,,3,2,44.02970625,3.57,2015.5,4.62571736111,GJ15B,M3.5V,GJ15B,11.0,0.41,2.89,385334196532776576
1635721458409799680,Gaia DR2 4900108950847893376,111877717,2015.5,5.035049841479336,0.44963249488465074,-64.86977867722675,0.3170392874926315,117.16788758126215,0.3304146814173095,354.6086,1699.00827765917,1.116504825653557,1168.3911967605586,0.8612736172846763,-0.24074644,-0.27841124,0.8232551,-0.27861816,-0.15073526,-0.17174636,0.6468948,-0.45276454,0.10566167,-0.28988636,162,162,147,15,96.84653,15996.628,1.183220102249656,448.4774310460838,31,true,0.6491197,1.7059066614892848,0.07057813251364396,0.040008508,19,10,0.616757,0,24,true,186,4.791593456771647E8,3576394.48377928,133.97833,3.987166,18,2.4224080308888265E8,1055451.5694103488,229.5139,4.39077,19,2.834572788331273E8,1306598.448794029,216.94292,3.630701,1.0971258,0,0.7600689,0.40360403,0.35646486,9.37251240540833,0.22603753025998047,6,5500.0,3.5,0.0,NOT_AVAILABLE,308.31191441046514,-51.93030303258273,322.38761368497893,-57.721653312156036,100001,6028.3335,5780.0,6170.6665,0.0923,0.017,0.3256,0.048,0.0079,0.1551,200111,1.0699103,1.0211222,1.1638211,1.3620044,1.3509641,1.3730447,http://geadata.esac.esa.int/data-server/datalink/links?ID=4900108950847893376,,4,3,-64.8668409722,8.59,2015.5,5.02943541667,HIP1599,F9V,HIP1599,4.23,1.17,1.71,4900108950847893376
1635721458409799680,Gaia DR2 527956488339113600,899754833,2015.5,8.142228910872236,0.055907356131167985,67.2333130462461,0.05536411757496441,100.40536402450441,0.0701298323177348,1431.7069,1703.438833564281,0.10470047012533251,-250.7825586275544,0.10891713517086865,-0.038960382,0.4069595,-0.1552924,0.03744777,0.098470494,-5.1454944E-4,-0.38570416,-0.08766494,0.08749622,-0.12197778,229,229,223,6,30.547573,1677.6024,0.2539545280206665,22.717142292002787,31,true,13.393201,1.307589221696684,0.01499760246616875,0.07709192,28,17,0.06482549,0,39,false,260,684905.9385448674,783.8360421176479,873.78723,11.099288,10,134010.9177693527,859.7836226259051,155.86586,12.533538,11,873322.5404331316,7826.0559758168165,111.59165,9.908983,1.4707618,0,2.6245546,1.4342499,1.1903048,,,0,,,,NOT_AVAILABLE,121.10273088677194,4.428602617891113,47.432623108655655,55.5072694071673,100001,3504.635,3232.0,3932.01,0.103,0.007,0.1813,0.0573,0.0019,0.102,,,,,,,,http://geadata.esac.esa.int/data-server/datalink/links?ID=527956488339113600,,5,4,67.2340736111,10.1,2015.5,8.13422083333,HIP2552,M2.5Ve,HIP2552,10.2,-0.22,1.74,527956488339113600
1635721458409799680,Gaia DR2 2473608009504466688,1544268634,2015.5,12.53062157845277,0.1435022863213735,-10.645317285252805,0.09331848469437212,62.9722938837692,0.16137045295787497,390.23434,-227.6988931589281,0.39602556301634195,-229.5084485896873,0.20648238536387045,0.13985068,-0.040732305,-0.47324702,0.022928119,0.18448819,0.11118258,-0.55004495,0.28896776,-0.10636327,0.0105022695,420,420,364,56,92.33351,12861.761,0.678646640676182,224.83303384173598,31,true,2.0083547,1.6848066330854088,0.02590896733759045,-0.05773826,48,13,0.2048228,0,61,false,458,1.8919057367991203E8,348734.03602826165,542.5068,4.996117,43,1.0358757226543467E8,122338.78721863094,846.7272,5.313119,41,1.127003475076097E8,141337.48786289964,797.3847,4.632107,1.1432278,0,0.68101215,0.31700182,0.36401033,8.228781217835035,0.17485077747743644,28,6250.0,4.5,0.0,NOT_AVAILABLE,121.79293928265662,-73.51415813099355,7.25606414534221,-14.732250096068945,100001,6222.0,6140.5,6264.0,0.114,0.0089,0.3064,0.056,0.0039,0.1513,200111,1.17109,1.1554383,1.2023829,1.8518051,1.8453655,1.8582447,http://geadata.esac.esa.int/data-server/datalink/links?ID=2473608009504466688,,6,5,10.6426173611,15.4,2015.5,12.5301847222,HIP3909,F7IV-V,HIP3909,5.17,-0.23,-0.22,2473608009504466688
1635721458409799680,Gaia DR2 2473055951588089088,1170716308,2015.5,15.58817332725044,0.029172327489967374,-10.424620838639754,0.024068188403185368,47.370340345952435,0.03970094528453802,1193.1792,25.961412088847627,0.07813278545438017,-176.8269283850752,0.048994574196649876,0.51704633,0.194234,-0.097047746,-0.1552847,0.31878653,0.029369352,-0.5577563,0.008631431,-0.21105763,0.3423224,382,382,375,7,9.540231,693.9142,0.0,1.46573774807563E-15,31,true,292.86105,1.4402883727206783,0.004555435375778406,-3.5186272E-4,43,14,0.05190831,0,51,true,442,3342273.8274753187,1367.6684860382134,2443.775,9.378261,50,1102759.5953503344,1037.7199554138324,1062.6755,10.245186,49,3202878.4941578233,2381.42379284347,1344.9426,8.498069,1.2882361,0,1.747117,0.86692524,0.8801918,,,0,,,,NOT_AVAILABLE,132.20023962848563,-73.09965682685534,10.203125544943688,-15.731973299520119,100001,4095.7524,4003.0,4356.42,0.2623,0.0813,0.5961,0.1375,0.0589,0.3771,200111,0.60399944,0.533881,0.63231397,0.092491664,0.09237195,0.09261138,http://geadata.esac.esa.int/data-server/datalink/links?ID=2473055951588089088,,7,6,10.4223986111,21.6,2015.5,15.5880513889,HIP4845,K7V,HIP4845,10.0,-0.18,0.02,2473055951588089088
1635721458409799680,Gaia DR2 533621859441169920,1361181238,2015.5,15.658240192738074,0.027953423863236695,71.67817353188352,0.024906538452079283,121.42374778335062,0.03394043087859781,3577.5547,1746.8138693417945,0.04992186175758662,-381.6096592305167,0.049313483060529614,-0.11011141,0.2176335,-0.41383365,0.14807276,-0.10822614,0.104092985,-0.23777683,-0.24558097,0.34625277,-0.15011045,234,234,230,4,12.806719,619.37164,0.0,0.05043809877831692,31,true,205.66454,1.3317162216629992,0.007950177801419557,0.17117858,27,17,0.038321182,0,36,false,277,5034699.93170822,2618.8713951643285,1922.4694,8.933432,29,1071252.8636992641,3060.197700550409,350.06003,10.276658,30,6024929.095947138,11825.25474240181,509.49677,7.8120403,1.4094548,0,2.4646177,1.3432264,1.1213913,,,0,,,,NOT_AVAILABLE,123.82194568216427,8.825772478037322,56.392616435724634,56.84794010262976,100001,3786.0,3565.0,3963.9126,0.6473,0.3385,1.0234,0.377,0.2292,0.5947,,,,,,,,http://geadata.esac.esa.int/data-server/datalink/links?ID=533621859441169920,,8,7,71.6771625,8.14,2015.5,15.6459548611,HIP4856,M3.5e,HIP4856,9.98,-0.38,1.75,533621859441169920
1635721458409799680,Gaia DR2 2470140321628277504,865630194,2015.5,17.148407984693815,0.2649090794695759,-10.182863067466391,0.23970910091762546,28.2634100506901,0.3336294633417223,84.71497,217.52438473912372,0.7614756199160784,-140.13803861229823,0.6182407455864348,0.3288762,-0.034840886,-0.42824736,-0.16013636,0.049847975,-0.12261721,-0.6065464,0.18591288,0.12569354,0.34641653,487,487,444,43,246.18701,122711.59,1.741833579059506,1844.7056247483686,31,true,0.29655793,2.0397485309452152,0.05578556192952238,-0.021214472,56,13,0.410882,0,65,true,476,1.147409506872049E9,1958255.238993085,585.93463,3.0390697,60,3.9105955244003695E8,3491124.3521441803,112.01536,3.870781,62,7.764349933303075E8,4240600.995967199,183.0955,2.5366573,1.0175047,0,1.3341236,0.8317113,0.5024123,11.1029306809185,1.4604999043988796,3,5500.0,4.5,0.0,NOT_AVAILABLE,137.16444863307922,-72.57886261533737,11.768146276812532,-16.119305156330142,101001,4637.0,4181.5,4997.0,,,,,,,200111,12.891128,11.100599,15.852614,69.21894,68.29541,70.14247,http://geadata.esac.esa.int/data-server/datalink/links?ID=2470140321628277504,,9,8,10.1812791667,36.0,2015.5,17.1489819444,HIP5364,K2III,HIP5364,3.46,-0.14,0.22,2470140321628277504
1635721458409799680,Gaia DR2 2461045711199481472,193778189,2015.5,27.34658638656265,0.08136265811475185,-10.703938915816739,0.0822228371226288,42.251028167009444,0.11220363539560874,376.55667,-161.43716626870759,0.16737805750977555,-74.88777566198915,0.15876441066180083,0.026094405,0.3271866,0.115740865,0.049717415,-0.35262546,0.034330677,0.15641807,-0.059024714,0.09810658,0.117164835,149,149,146,3,31.220114,1580.1881,0.30607285568905446,31.877578584358904,31,true,9.340123,1.5019185343281798,0.026236727592295485,0.13956282,17,9,0.09049871,0,23,false,163,4.429526817950654E7,22082.53839081263,2005.8956,6.5724726,18,2.36144847687679E7,50799.91410629974,464.85284,6.918442,19,2.878014352012178E7,110126.67697678154,261.3367,6.1141877,1.1828493,0,0.80425406,0.3459692,0.45828485,-4.181593749086645,0.22064653803224363,11,5750.0,4.5,0.0,NOT_AVAILABLE,165.4054986493395,-68.65228233486083,21.298032609946002,-20.484623936197195,100001,5793.0,5784.0,5844.5,0.0192,0.0083,0.1047,0.0167,0.0039,0.0598,200111,0.98227966,0.9650448,0.9853389,0.978992,0.975868,0.982116,http://geadata.esac.esa.int/data-server/datalink/links?ID=2461045711199481472,,10,9,10.7026597222,23.0,2015.5,27.3466916667,HIP8486,G0,HIP8486,6.72,-0.1,-0.12,2461045711199481472
1635721458409799680,Gaia DR2 2461043306017773696,1223473310,2015.5,27.395613831989074,0.3446607070706208,-10.686811196550346,0.3004983790845187,42.961068091800286,0.41074559794974347,104.59289,-148.83336289914078,0.692273615763964,-95.4856265481467,0.5304264050097296,0.038018916,0.23614521,0.036044084,0.13566115,-0.13024043,0.12313479,0.3008094,0.15820186,-0.0035017116,0.03575045,164,164,140,24,112.85858,23420.475,1.554827625221917,673.8784973544979,31,true,0.37666357,1.6572152701528973,0.10745735393365444,0.10075175,20,9,0.34149605,0,22,false,156,2.799023110211428E8,2968077.8966426677,94.30423,4.5708494,18,1.7252089422734436E8,415402.05145806435,415.31064,4.759284,17,1.52606288031889E8,620715.7387863878,245.85536,4.302989,1.1615738,0,0.456295,0.1884346,0.2678604,0.611217832691036,0.7515217779421034,12,5750.0,4.5,0.0,NOT_AVAILABLE,165.4812891725233,-68.60925211070793,21.352558816441743,-20.486927362742968,100001,7148.5,6977.75,7337.2,0.5695,0.209,0.931,0.2798,0.1213,0.4721,200111,1.5844868,1.5040344,1.6629825,5.9065204,5.817601,5.9954395,http://geadata.esac.esa.int/data-server/datalink/links?ID=2461043306017773696,,11,10,10.6857826389,23.6,2015.5,27.3952395833,HIP8497,F3III,HIP8497,4.66,-0.09,-0.15,2461043306017773696
1635721458409799680,Gaia DR2 2462426800883134336,60556056,2015.5,29.28842516816438,0.0341412796989069,-10.243469294809424,0.026345751117564865,29.78902804694112,0.0377831135791352,788.42175,-366.9567751440039,0.06962517521191262,-242.43103246245272,0.051949317704997,0.07612849,0.37334663,-0.14293812,0.1567004,-0.043092325,0.17445119,0.044118043,0.04085954,0.015241311,0.078222126,198,198,179,19,10.116068,437.9227,0.0,0.0,31,true,276.37042,1.5748211860423593,0.009475599605999871,0.027749548,23,10,0.04581977,0,23,false,179,6.2209227338118635E7,22373.20924091874,2780.5232,6.2037287,18,3.030731795920557E7,79015.85320391126,383.55997,6.6475196,18,4.482240774094634E7,345780.2068597164,129.62688,5.633182,1.2076943,0,1.0143375,0.4437909,0.5705466,-9.318110719436985,0.1441592893299869,10,5250.0,4.0,0.0,NOT_AVAILABLE,168.57626885491914,-67.09225781048976,23.37423563783891,-20.772028861427604,100001,5164.0,4933.725,5326.0,,,,,,,200111,2.1500905,2.021282,2.3554795,2.9617822,2.9560945,2.96747,http://geadata.esac.esa.int/data-server/datalink/links?ID=2462426800883134336,,12,11,10.2406055556,33.9,2015.5,29.2875076389,HIP9094,G5,HIP9094,6.42,-0.24,-0.37,2462426800883134336
1635721458409799680,Gaia DR2 5175014311223513984,1578779032,2015.5,35.507053743686306,0.08635962715322952,-10.777888509642667,0.0817713046599993,33.325172354660026,0.1018595466471073,327.16788,153.1930989523179,0.18722707935379881,-82.47521967991335,0.17789855175594943,0.1174931,0.19911958,0.23815292,0.05350375,-0.19793352,0.046031836,-0.122412816,-0.14145772,0.029017083,0.23279731,132,132,119,13,26.410719,1155.4318,0.3062598230917812,29.546821422777057,31,true,9.629757,1.7209933923900154,0.024006942631637024,0.14488518,16,9,0.107503735,0,20,false,140,1.406404179889118E8,309512.0188984044,454.39404,5.3180904,13,8.353679831436695E7,263445.93686769187,317.09274,5.546694,16,7.655465968647736E7,723166.7217439581,105.86032,5.051991,1.1383034,0,0.49470282,0.22860336,0.26609945,,,0,,,,NOT_AVAILABLE,179.79160387026815,-63.14372780354736,29.317965591802835,-23.486059593488008,100001,6873.5,6636.0,7009.5,0.385,0.1864,0.6571,0.19,0.108,0.3317,200111,1.5620072,1.5019823,1.6758152,4.906508,4.885515,4.9275007,http://geadata.esac.esa.int/data-server/datalink/links?ID=5175014311223513984,,13,12,10.7769611111,29.8,2015.5,35.5072604167,HIP11029,F0V,HIP11029,5.43,-0.08,0.15,5175014311223513984
1635721458409799680,Gaia DR2 5116018880964324096,1685516381,2015.5,55.89094131647402,0.09461065377030876,-10.485737684370223,0.07361937745923552,23.917132190214186,0.12311655430174573,194.26414,-7.1750406478935345,0.2070518531987273,-19.02623719745455,0.18706339097600833,-0.03780869,0.29693583,-0.060555324,0.17491485,0.1344498,0.14803599,0.10072416,0.25077403,0.20738354,0.024404915,212,212,184,28,39.703724,2467.378,0.4093867781798048,72.82168957264452,31,true,5.6602483,1.7116063725757946,0.020233129313677607,-0.09931081,24,11,0.108157344,0,27,false,205,1.149362572320664E8,182783.55557340247,628.8107,5.537223,18,7.443601971471596E7,141071.78251086848,527.6464,5.6719303,19,5.6778476029255725E7,183377.63915140103,309.62595,5.3764606,1.1416284,0,0.29546976,0.13470745,0.16076231,,,0,,,,NOT_AVAILABLE,199.05428686163458,-46.27646445443349,50.73692246001509,-29.394583129760687,100001,7783.5,7503.3335,8003.0,0.275,0.1296,0.5923,0.1377,0.0549,0.3006,200111,1.5627279,1.4781809,1.6816078,8.075346,8.02482,8.125872,http://geadata.esac.esa.int/data-server/datalink/links?ID=5116018880964324096,,14,13,10.4854208333,42.9,2015.5,55.8907659722,HIP17395,A5m,HIP17395,5.59,-0.02,-0.01,5116018880964324096
1635721458409799680,Gaia DR2 3181588219554237184,626927446,2015.5,72.00511748557474,0.026380277501594517,-10.934115135090629,0.023754647352325516,37.73988601823258,0.0345992844650338,1090.7708,82.30996432556624,0.05700111155897223,-108.95661414656223,0.05455540355797088,-0.15315475,0.15640382,-0.28174558,0.11090924,-0.28663075,0.1414081,-0.6510739,-0.08481299,0.4168539,-0.29443154,263,263,256,7,5.2224836,386.24707,0.0,0.0,31,true,269.8643,1.4827311122789582,0.007034817999112672,-0.05015822,31,14,0.044378847,0,33,true,284,4570329.115929391,2247.6957894341294,2033.3397,9.038497,31,1785915.4078575987,3322.864275595259,537.46265,9.721736,31,3918652.2766574505,5951.994292252669,658.37634,8.2790785,1.2481744,1,1.4426575,0.683239,0.7594185,27.032018512944887,0.20400548239453203,5,4750.0,4.5,-0.25,NOT_AVAILABLE,208.80640510248074,-32.31963806741264,68.78261154660929,-33.05743515289947,100002,4472.56,4389.02,4566.533,0.2017,0.071,0.376,0.104,0.0309,0.182,200111,0.6755032,0.64798737,0.7014628,0.16450316,0.1642588,0.16474752,http://geadata.esac.esa.int/data-server/datalink/links?ID=3181588219554237184,,15,14,10.9328701389,26.1,2015.5,72.0051222222,HIP22288,K7V,HIP22288,9.53,-0.11,0.08,3181588219554237184
1635721458409799680,Gaia DR2 4810594479417465600,1668190828,2015.5,77.95866129563854,0.022464279759010716,-45.043019827835415,0.0265171008472563,254.22634342595245,0.02631031220549741,9662.612,6491.473933935763,0.04880171901869195,-5709.21760153277,0.05119616994888497,0.058510084,0.21211083,0.10157214,8.7210804E-4,0.26892564,0.11126879,-0.35564613,0.13965534,-0.11521443,-0.13137968,246,246,240,6,8.089703,456.5884,0.0,0.0,31,true,122.660515,1.3917781445729664,0.006488991432226113,0.011789404,29,18,0.04037522,0,32,false,258,1.1234537249889225E7,6086.170240527495,1845.9125,8.061977,29,3135382.185372311,5017.812574487032,624.8504,9.1106615,28,1.1856529853539728E7,19199.95441930217,617.52905,7.077026,1.3344486,0,2.0336356,1.0486841,0.9849515,244.98714856994843,0.1818649865343582,9,4000.0,3.0,-1.5,NOT_AVAILABLE,250.56445457960032,-35.97591946122339,67.30838687847755,-67.53607013108875,100001,3979.3652,3895.08,4099.82,0.092,0.014,0.2771,0.063,0.0119,0.1454,,,,,,,,http://geadata.esac.esa.int/data-server/datalink/links?ID=4810594479417465600,,16,15,-45.05693125,3.91,2015.5,77.9629513889,GJ191,M2.0V,GJ191,8.85,-5.73,6.5,4810594479417465600
1635721458409799680,Gaia DR2 2891185070988385152,11393049,2015.5,90.07833652039108,0.10951837800450612,-31.028175369055386,0.14249273487216224,54.817925161886826,0.07646686162781283,716.8847,-477.08776411550497,0.25308131339211376,429.9086229426033,0.260072306625356,0.24657388,-0.101132065,-0.83665824,-0.25861093,0.23214538,-0.20157231,-0.90299684,0.14988926,-0.16540575,0.27971804,145,145,140,5,18.955812,745.35016,0.1993348097943929,8.966986744227574,31,true,15.51709,1.506314791343392,0.01705166305701202,-0.005025445,17,11,0.17916061,0,19,true,142,9550490.960192136,4498.4182110523025,2123.0776,8.238301,11,3899481.062542936,7139.587238874715,546.17737,8.873871,14,8142726.225284211,34181.59573393256,238.2196,7.4849954,1.2608993,0,1.3888755,0.6355696,0.7533059,,,0,,,,NOT_AVAILABLE,236.94572349331935,-23.813374880818127,90.11552792745735,-54.46742478113079,100001,4665.9004,4467.0,4871.0,0.143,0.0553,0.322,0.0617,0.0309,0.1477,200111,0.5959956,0.54686195,0.6502526,0.15167803,0.15140341,0.15195264,http://geadata.esac.esa.int/data-server/datalink/links?ID=2891185070988385152,,17,16,-31.0217402778,14.9,2015.5,90.0786902778,HIP28442,K3/K4V,HIP28442,7.85,1.02,-0.38,2891185070988385152
1635721458409799680,Gaia DR2 3046530292874936448,731857704,2015.5,106.07315370800531,0.45311638503528157,-10.512278768929807,0.43668608078558435,63.550719806791896,0.5143301989753095,123.56016,-138.4148037377738,0.936733770399356,-814.6192559937325,0.8609110534779079,-0.019521281,0.23325136,-0.155699,0.054337785,-0.012488166,0.06717432,-0.22156173,0.22116542,-0.049232945,0.027051892,172,172,164,8,171.9111,65098.105,2.677773640634447,1986.5708638950255,31,false,0.1313566,1.507293384110998,0.14103769450560313,-0.12879094,20,11,0.46271428,0,23,false,171,1723236.2110592276,1393.9288929801685,1236.244,10.097504,19,327187.9531607609,558.0123304171672,586.3454,11.564395,21,2131237.0124702435,4267.413436739613,499.42126,8.940341,1.4266326,0,2.624054,1.4668913,1.1571627,,,0,,,,NOT_AVAILABLE,223.74570491131914,-1.95630849762255,108.91848768020273,-32.901965278598986,100001,3607.0833,3435.3333,3868.25,,,,,,,,,,,,,,http://geadata.esac.esa.int/data-server/datalink/links?ID=3046530292874936448,,18,17,10.5030875,15.3,2015.5,106.072941667,HIP34104,M5,HIP34104,10.9,-0.82,-0.12,3046530292874936448
1635721458409799680,Gaia DR2 3767851972716355712,964630197,2015.5,156.06350156542425,0.08055819584201744,-10.406942072331535,0.09046833478061483,34.36131344737528,0.06228667590748695,551.66394,281.39445959456214,0.1303100776876351,-249.01082135277957,0.14480290621562508,-0.7537363,-0.5784808,-0.6389826,0.7605589,0.31907162,0.766527,-0.8135215,0.30491993,-0.32626826,-0.70558244,80,80,79,1,3.524144,124.73915,0.0,0.0,31,true,236.22813,1.4575993885183613,0.016302240277083966,-0.16648817,9,7,0.12363389,0,10,false,88,2992379.089161408,1380.0182932770197,2168.3618,9.498324,9,1126801.192157477,3004.5210965301244,375.03522,10.22177,10,2643059.650295151,7255.189030716854,364.29922,8.706653,1.2598206,0,1.5151176,0.7234459,0.79167175,-3.7311550326950567,0.2839011483851927,2,4250.0,4.5,-0.25,NOT_AVAILABLE,254.3606350961759,38.2130084685185,161.87458686681558,-18.933169633614444,100001,4405.02,4240.39,4563.26,0.172,0.1169,0.4931,0.0875,0.0579,0.269,200111,0.62790567,0.5851131,0.6776081,0.13374424,0.133422,0.13406648,http://geadata.esac.esa.int/data-server/datalink/links?ID=3767851972716355712,,19,18,10.4041493056,27.2,2015.5,156.063969444,HIP50944,K4.5,HIP50944,9.98,-0.25,0.28,3767851972716355712
1635721458409799680,Gaia DR2 3767878708888402816,939015576,2015.5,156.29212194295388,0.12885924968024415,-10.228168979294068,0.1304158025327072,78.00028203649119,0.09823095181582486,794.0499,-693.1367112292429,0.17636019648454537,121.37000585652092,0.22230928194930233,-0.788439,-0.7488141,-0.6903537,0.7866673,0.4953696,0.75159097,-0.879962,0.4217866,-0.500019,-0.7075096,79,79,72,7,6.930957,182.21617,0.09467580133266858,2.2081970577075865,31,true,69.76685,1.3767560146827202,0.02657617453224439,-0.13455065,9,7,0.17186779,0,16,false,126,3692295.3640985424,3279.9883232708457,1125.7039,9.270124,15,952463.517293735,2688.332464999917,354.2953,10.404267,13,4035181.048989124,8715.770276530924,462.9747,8.247262,1.350825,0,2.1570053,1.1341429,1.0228624,20.913706674725905,0.21808941694895084,3,4500.0,4.5,0.0,NOT_AVAILABLE,254.4169189122538,38.49691403946664,162.02134066083698,-18.681669779947317,100001,3910.0,3762.0,4039.29,0.2607,0.1129,0.6245,0.1497,0.067,0.3231,,,,,,,,http://geadata.esac.esa.int/data-server/datalink/links?ID=3767878708888402816,,20,19,10.2294194444,12.4,2015.5,156.290352083,HIP51007,M0,HIP51007,10.1,0.12,-0.69,3767878708888402816
1635721458409799680,Gaia DR2 778947814402405120,113147927,2015.5,166.34295871523034,24.50940916144668,43.53084456593986,16.62160696036665,,,,,,,,0.98271215,,,,,,,,,,45,45,45,0,11.888996,266.04056,0.2942589753253991,11.333070421746681,3,false,9.42324,,,0.29682207,5,3,45.88553,0,5,true,28,1.3157812030740088E7,5090.38232198247,2584.8376,7.8904066,5,3571707.7250305237,4577.064123644125,780.34906,8.969198,4,1.5298563047886088E7,569567.1838582086,26.85998,6.8002934,1.4341496,0,2.1689048,1.0787916,1.0901132,,,0,,,,NOT_AVAILABLE,168.51492701166805,63.05287472224714,148.54139068503594,34.3203674126673,130001,3872.2375,3578.0,4183.51,,,,,,,,,,,,,,http://geadata.esac.esa.int/data-server/datalink/links?ID=778947814402405120,,21,20,43.5327881944,4.86,2015.5,166.339460417,GJ412A,M1.0V,GJ412A,8.77,0.95,-4.41,778947814402405120
1635721458409799680,Gaia DR2 3566643651231641600,1472412041,2015.5,167.79045394088627,0.04222379027948143,-10.948333791730345,0.032237216296304556,50.33395144212645,0.047820811824625574,1052.5532,-942.4323926330313,0.08563688206483194,592.8426324048421,0.06455727223118889,-0.23337737,-0.40127566,-0.16105238,0.2087539,0.11538076,0.1910268,-0.16603784,-0.1280006,-0.096776605,-0.07282475,133,133,132,1,3.178038,183.82687,0.0,0.0,31,true,205.18214,1.485233929908988,0.00849172285974187,-0.055892605,15,9,0.053001136,0,22,false,178,5750342.311472626,1606.3549302046943,3579.7458,8.789131,20,2291921.6255291356,3704.676990534613,618.65625,9.450889,22,4893334.9527419,7079.316949004208,691.2157,8.037908,1.2495354,0,1.412981,0.66175747,0.75122356,37.37083150405406,0.31240695096742155,7,4250.0,4.5,-1.0,NOT_AVAILABLE,267.0254319510759,44.819399881230446,173.16864779958397,-14.882954367880297,100001,4569.79,4482.567,4698.625,0.299,0.107,0.5463,0.1387,0.046,0.2658,200111,0.5339612,0.50508046,0.55494326,0.11202089,0.11186965,0.11217213,http://geadata.esac.esa.int/data-server/datalink/links?ID=3566643651231641600,,22,21,10.9548076389,20.8,2015.5,167.788251389,HIP54651,K5V,HIP54651,9.23,0.59,-0.94,3566643651231641600
1635721458409799680,Gaia DR2 3558078971047964800,498918797,2015.5,168.83706942024506,0.029993342456756847,-18.146900604417258,0.022270488693217048,43.58949028946906,0.04052725000971252,1075.56,143.89588156924742,0.06883824215888873,-734.2289920759339,0.04488133194688903,-0.35532188,-0.33627892,-0.20765854,0.15547182,0.0625753,0.16097516,-0.081991136,0.058790553,-0.21644391,0.033991564,234,234,232,2,5.5854254,367.10046,0.0,0.0,31,true,247.54231,1.4514163156739213,0.005407228282445956,-0.028484285,28,11,0.044351116,0,34,false,288,3418506.8405928463,977.3917069087341,3497.5813,9.353775,32,1157824.7097702185,1152.7081456308583,1004.4387,10.192281,31,3230876.674363415,2938.3946610810335,1099.5381,8.488619,1.2838066,0,1.7036619,0.83850574,0.8651562,7.489603893290376,0.25145792005807344,9,4000.0,3.0,0.0,NOT_AVAILABLE,273.03998952990634,39.083469340347136,177.2427026727792,-21.034673559848663,100001,4265.885,4048.44,4580.0,0.2937,0.0172,0.6481,0.1433,0.0039,0.2694,200111,0.5832657,0.50600374,0.6476037,0.10149955,0.10135909,0.10164001,http://geadata.esac.esa.int/data-server/datalink/links?ID=3558078971047964800,,23,22,-18.1497826389,20.6,2015.5,168.839238889,HIP54966,K7V,HIP54966,9.97,-0.71,0.32,3558078971047964800
1635721458409799680,Gaia DR2 1057318835428596096,974917498,2015.5,169.9891038433569,0.030191481813508954,65.84727262350758,0.02991424091442467,110.16831008471398,0.0428483303569357,2571.1226,-2947.0511558490516,0.06443031974320337,181.9394030796628,0.05794543249899405,0.17123216,-0.23416892,-0.17878973,0.07512434,-0.07964414,-0.04540871,-0.279272,0.35583436,-0.37090662,0.055082344,237,237,229,8,7.839523,433.24008,0.0,0.0,31,true,160.65436,1.3873576862250852,0.010108935119041679,0.017817823,27,18,0.041714374,0,32,false,253,7340874.191644068,5223.999844527483,1405.221,8.523996,25,2150607.423612862,4264.318024227852,504.32623,9.519985,26,7587185.092753923,11687.281947897094,649.18304,7.5617185,1.3265167,0,1.9582667,0.99598885,0.9622779,60.327401308383756,0.17116219277687097,12,4500.0,4.5,0.0,NOT_AVAILABLE,136.8822788386326,48.72874290852158,133.2583346655852,53.98574842729231,100001,4038.4949,3904.4473,4234.8267,0.1,0.0177,0.304,0.07,0.0109,0.191,,,,,,,,http://geadata.esac.esa.int/data-server/datalink/links?ID=1057318835428596096,,24,23,65.8476013889,9.09,2015.5,170.000128472,HIP55360,M1Vvar,HIP55360,9.31,0.18,-2.95,1057318835428596096
1635721458409799680,Gaia DR2 3575733210781078016,1066882244,2015.5,180.18561751911747,0.09644864050711685,-10.448205146717024,0.060001887769479206,78.75648094040741,0.1205514632808297,653.30176,82.84119332870205,0.2739313809433285,-482.8067007203143,0.12988825264132803,-0.3809868,-0.056588423,-0.18009305,0.040566795,0.09254865,0.14633092,0.13436672,-0.1381592,-0.20178428,-0.03520033,414,414,372,42,71.62185,7731.1387,0.4833469245570411,120.13883969021362,31,true,3.8684587,1.6237042721729367,0.01681576115409079,0.0061247996,50,13,0.14202416,0,65,false,489,1.3924698089199647E8,188622.52160321092,738.23096,5.3289013,43,6.919708985736355E7,102407.08744938821,675.70605,5.7511687,51,9.438457120276791E7,588130.588791335,160.48233,4.8246675,1.1747591,0,0.9265013,0.42226744,0.50423384,-0.13788119456234504,0.13542042613323174,22,5500.0,4.5,0.0,NOT_AVAILABLE,283.11935583084124,50.463125874865064,184.36461997506595,-9.503907819988449,100001,5518.5,5488.0,5787.0,0.257,0.1064,0.473,0.1275,0.0456,0.2381,200111,1.0406579,0.94633114,1.0522572,0.9048881,0.90284735,0.90692884,http://geadata.esac.esa.int/data-server/datalink/links?ID=3575733210781078016,,25,24,10.4426,12.9,2015.5,180.186359722,HIP58576,K0IV,HIP58576,5.54,-0.48,0.14,3575733210781078016
1635721458409799680,Gaia DR2 3581001280225616128,1293056122,2015.5,183.7941326627989,0.7778891930060648,-10.316772717212324,0.8073431491170739,,,,,,,,-0.06483185,,,,,,,,,,149,149,149,0,417.06046,756261.7,8.129382295137832,31014.069007740734,3,false,0.01509192,,,-0.070448376,17,8,1.6574837,0,28,false,207,7.735540110628824E7,55240.38084598351,1400.3416,5.9671392,20,4.4216042016873926E7,96382.54279451798,458.7557,6.2374387,21,4.676017508261138E7,96632.76435418725,483.89566,5.5872297,1.176081,0,0.65020895,0.27029943,0.37990952,7.176452298295533,1.1951487834955825,12,6250.0,4.5,-0.75,NOT_AVAILABLE,288.5011936032805,51.53610106118619,187.59910873768348,-7.95619404114948,130001,6325.75,6202.3003,6504.0,,,,,,,,,,,,,,http://geadata.esac.esa.int/data-server/datalink/links?ID=3581001280225616128,,26,25,10.30541875,22.5,2015.5,183.79436875,HIP59750,F5V,HIP59750,6.11,-1.01,0.03,3581001280225616128
1635721458409799680,Gaia DR2 5853498713160606720,521085047,2015.5,217.39346574260355,0.05765310663093653,-62.67618210292382,0.10497123653527451,768.5003653333918,0.20302126916720853,3785.3196,-3781.3059409680022,0.08518122633177506,769.7656533486586,0.18895487215250334,0.18334983,-0.15864016,-0.34941936,-0.35370576,0.4822408,-0.15324548,0.3140541,0.23326926,0.6223811,0.36506456,301,301,295,6,41.54696,2879.4329,0.3424131453094538,40.643326880516085,31,false,7.300462,1.208799390279474,0.030032454980830695,0.07831031,34,8,0.117203124,0,37,false,311,4941985.564875666,4180.5068469999205,1182.1499,8.953612,36,386709.51636750245,1223.7891851903694,315.99356,11.382926,36,7416448.4478875315,11887.452679115064,623.8888,7.58643,1.578952,0,3.796496,2.4293137,1.3671823,,,0,,,,NOT_AVAILABLE,313.92594429556715,-1.9180480366807584,239.09203597486666,-44.76760517903911,100001,3295.5,3290.6667,3338.3333,0.2413,0.0,0.4621,0.1595,0.0,0.2976,,,,,,,,http://geadata.esac.esa.int/data-server/datalink/links?ID=5853498713160606720,,27,26,-62.6742576389,1.3,2015.5,217.403704167,GJ551,M5.0V,GJ551,11.0,0.77,-3.78,5853498713160606720
1635721458409799680,Gaia DR2 6316161317607999232,240367999,2015.5,230.65264435631886,0.03917623341657239,-10.662003920863269,0.02945617326018319,45.206098316220796,0.04622027580773265,978.05774,-57.38038311229336,0.07798262892946378,-203.87685745977586,0.06009211883281709,-0.1548297,-0.332749,-0.045468457,-0.09230413,0.020756353,-0.011528249,0.091529116,-0.28222498,0.20658103,-0.1283972,177,177,177,0,2.8308954,229.22086,0.0,2.1515551341748975E-15,31,true,76.343414,1.5574577803259806,0.011619815588657122,0.1031974,20,10,0.049084544,0,20,false,175,1.6077312969741981E7,6857.903864384065,2344.348,7.672832,18,7279399.683497437,11204.626464150264,649.67804,8.196149,17,1.2242225006666189E7,17550.3263477839,697.5497,7.042269,1.2142342,0,1.1538796,0.52331686,0.6305628,-5.9715907093169385,0.17713659172170537,7,5000.0,4.5,0.25,NOT_AVAILABLE,352.18987678621636,37.35761067728397,231.05155956281408,7.616915451283247,100001,4976.5,4922.5,4983.5,0.1605,0.0757,0.373,0.078,0.0259,0.1873,200111,0.78997827,0.78776056,0.80740553,0.3448427,0.34432662,0.3453588,http://geadata.esac.esa.int/data-server/datalink/links?ID=6316161317607999232,,28,27,10.6597638889,21.8,2015.5,230.6525125,HIP75253,K2V,HIP75253,7.97,-0.2,-0.06,6316161317607999232
1635721458409799680,Gaia DR2 6316829270922140032,1242450339,2015.5,233.54593784436295,0.207264461847877,-10.065542734808327,0.16829946379893695,35.19218377507785,0.2467909574191137,142.59917,305.14477734297463,0.4607911173765116,-234.15738864454494,0.35334436865164187,-0.06960169,0.0581526,-0.02374689,-0.054608524,-0.025240885,-0.026471803,0.18395814,-0.34184206,0.18509433,0.016262338,193,193,177,16,88.36656,12516.737,0.9982755674215218,365.0640303805214,31,true,0.92951995,1.8101968490440707,0.06803856297943815,0.09417516,21,9,0.2307152,0,24,false,180,3.7700027481000626E8,1267611.9425943464,297.40985,4.2475114,18,1.562992261297458E8,357018.9798333554,437.78967,4.866496,20,2.718763252556451E8,981098.825590677,277.1141,3.6759915,1.1357434,0,1.1905046,0.6189847,0.57151985,48.91075832324789,0.14839636999539232,8,4750.0,3.0,0.0,NOT_AVAILABLE,355.23821043855486,35.78787612986004,233.6896796233157,8.897564143853812,100001,4695.0,4660.0,4810.25,,,,,,,200111,5.7336106,5.4621563,5.820061,14.391085,14.267309,14.51486,http://geadata.esac.esa.int/data-server/datalink/links?ID=6316829270922140032,,29,28,10.0628951389,28.9,2015.5,233.546671528,HIP76219,K1IV,HIP76219,4.61,-0.23,0.31,6316829270922140032
1635721458409799680,Gaia DR2 1706907487620624000,691093492,2015.5,235.33336362645892,1.2301632369468998,75.98968361425545,1.0997934560081577,68.34901572912311,1.489836241400968,45.876865,808.6630080779435,1.7503632240689535,-707.066481969493,1.9638785197814663,-0.09943465,-0.5688627,0.23000716,0.2808358,0.17870198,-0.057180412,-0.067253835,-0.37237695,-0.4808111,0.17990038,124,124,124,0,299.37888,322034.3,5.7347915324624745,11866.05313859142,31,false,0.028942488,1.8280325980166068,0.4403021930452773,0.10622057,14,11,1.1186659,0,16,true,129,717181.9855379048,592.7203585454432,1209.9838,11.049293,15,142370.49356149844,206.7029012136789,688.76874,12.467838,15,889431.8400542677,1201.752589770127,740.11224,9.889138,1.4386897,0,2.5787,1.4185457,1.1601543,,,0,,,,NOT_AVAILABLE,111.12561967563997,36.966045089245334,124.11735498286158,75.78796101378964,100001,3952.01,3740.0498,4070.03,0.1887,0.1066,0.3981,0.1075,0.0604,0.276,,,,,,,,http://geadata.esac.esa.int/data-server/datalink/links?ID=1706907487620624000,,30,29,75.9876583333,13.0,2015.5,235.324420833,HIP76832,M4,HIP76832,12.2,-0.76,0.78,1706907487620624000
1635721458409799680,Gaia DR2 6268621389764361344,973233521,2015.5,236.85093179456163,0.21884058541783474,-10.898059423054288,0.15480367769363104,62.51546357491151,0.27728462433407997,225.45593,-309.0062421976068,0.5551467197830571,-370.7722591595491,0.4997817252924002,-0.14854163,-0.3045195,0.06530906,-0.16602251,0.0040927664,-0.32222173,0.61910635,0.06462418,-0.17179464,-0.35663784,321,321,292,29,128.17741,27318.89,1.0093541009167273,551.0756498868099,31,true,0.8848331,1.5226517478661512,0.029172317474329593,0.079803646,35,10,0.30911294,0,48,false,379,1556892.406728579,525.390098793057,2963.3074,10.207719,44,335096.60374427686,406.20312335338355,824.94836,11.538463,46,1846238.272443214,1451.2100821583454,1272.206,9.096201,1.4010826,0,2.4422617,1.3307438,1.1115179,,,0,,,,NOT_AVAILABLE,357.21438386129796,32.85665625242403,237.0843849245295,8.833965177836344,100001,3557.75,3494.0,3790.84,0.758,0.491,1.461,0.4087,0.23,0.7316,,,,,,,,http://geadata.esac.esa.int/data-server/datalink/links?ID=6268621389764361344,,31,30,10.8939638889,15.5,2015.5,236.850277083,HIP77349,K:...,HIP77349,11.2,-0.36,-0.33,6268621389764361344
1635721458409799680,Gaia DR2 5835113573101867520,1602417892,2015.5,243.44547168797257,0.032128290215290047,-57.57658955813872,0.020294925278626322,73.4265166980753,0.03736984464406234,1964.8601,-853.822908976201,0.061546922597873574,-1411.4584392852469,0.05016045802280883,0.32881585,-0.21119577,-0.4990272,-0.2664893,0.08115717,-0.283316,-0.3564643,-0.019250127,0.08551837,-0.08135116,399,399,396,3,3.3760686,492.4338,0.0,1.430051399400519E-15,31,false,119.2551,1.5461862427584014,0.0061506854311173965,-0.039334185,45,15,0.04279248,0,46,false,388,2.363231502359303E7,3794.1145531111083,6228.6772,7.2546,43,1.1155997135371974E7,6868.496851423257,1624.2269,7.7326174,35,1.7535706938752916E7,21794.418346205446,804.59625,6.652112,1.2140877,1,1.0805054,0.47801733,0.60248804,8.895606425018672,0.17833827795325546,20,5000.0,5.0,-1.5,NOT_AVAILABLE,327.49103208844576,-4.699224876372488,252.83070709478284,-35.7095643861604,100002,5055.37,4947.215,5075.2,0.0885,0.016,0.1871,0.045,0.008,0.1006,200111,0.5666694,0.56224984,0.5917171,0.18895835,0.18881166,0.18910503,http://geadata.esac.esa.int/data-server/datalink/links?ID=5835113573101867520,,32,31,-57.5797756944,13.7,2015.5,243.446774306,HIP79537,K0V,HIP79537,7.53,-1.41,-0.85,5835113573101867520
1635721458409799680,Gaia DR2 5918660719981686144,1309036369,2015.5,266.63373187724636,0.17581029745465837,-57.32487370778766,0.1370507522780712,169.86133342703422,0.11838005501725564,1434.8813,-1117.142979696367,0.3268413470909437,-1353.8163062247434,0.23331133109392163,-0.0786822,0.7242817,-0.9555044,0.16210851,-0.45765966,0.22658922,-0.942246,-0.8128231,0.46756998,-0.28625682,130,130,127,3,13.257054,466.713,0.08975228675258742,2.8098580135712807,31,false,69.473045,1.3153325768386928,0.017164659391970875,0.09777598,15,8,0.20631664,0,16,true,127,2772686.6843339126,2508.591799225964,1105.2761,9.581114,14,541222.0600163752,1375.7515476513222,393.40103,11.017949,13,3404793.4010640066,5369.846378638462,634.05786,8.431693,1.4231739,1,2.586256,1.4368353,1.1494207,,,0,,,,NOT_AVAILABLE,335.2967839967556,-14.451746273764757,267.8108875677287,-33.91117024833261,100002,3523.5376,3249.0,3938.835,0.121,0.007,0.2266,0.0785,0.0079,0.1243,,,,,,,,http://geadata.esac.esa.int/data-server/datalink/links?ID=5918660719981686144,,33,32,-57.3279826389,5.81,2015.5,266.634955556,HIP86990,M5,HIP86990,10.7,-1.35,-1.12,5918660719981686144
1635721458409799680,Gaia DR2 2154880616773521408,353499929,2015.5,280.68343117914714,0.06337140590350862,59.638108989051794,0.06916043682710145,283.9489272331801,0.062354864637808045,4553.7573,-1311.906757172246,0.18119603969762707,1792.1848117006343,0.21686621800672468,0.20287803,-0.35913593,0.66137904,0.2931201,-0.48441508,0.08177068,0.73302615,-0.07295421,-0.61602193,0.30031082,124,124,123,1,11.071966,381.44626,0.0,0.0028859455070137196,31,true,60.811214,1.363927378327668,0.013374944731723576,0.091141865,14,9,0.13805422,0,19,true,157,1.366372952822595E7,15880.685327476589,860.39923,7.8494425,13,2915313.8200030103,13661.310417891553,213.39928,9.189675,16,1.6252436778700223E7,45642.08097769054,356.08447,6.734624,1.4028199,1,2.4550514,1.3402328,1.1148186,,,0,,,,NOT_AVAILABLE,89.2952376003361,24.237919117813338,309.79407800506425,81.58136008288261,100002,3756.6667,3565.0,3923.85,0.047,0.0249,0.0921,0.0273,0.0106,0.0974,,,,,,,,http://geadata.esac.esa.int/data-server/datalink/links?ID=2154880616773521408,,34,33,59.642125,3.52,2015.5,280.685624306,GJ725A,M3.0V,GJ725,8.9,1.8,-1.33,2154880616773521408
1635721458409799680,Gaia DR2 6439125097425259776,880655917,2015.5,281.2972266777892,0.06231592011724859,-63.96064917637313,0.09156175735240414,249.91865663210095,0.15508592305509464,1611.4851,2584.2954139787685,0.1302048521942398,588.9981542564719,0.1856923121559236,0.05263574,-0.03732486,0.057212204,-0.29056624,-0.20696415,-0.2871547,-0.14053185,-0.030382525,0.07140803,0.09436975,439,0,439,0,86.10787,11118.588,1.0006872385367258,329.8102355990825,31,false,0.9635352,1.1155523602909563,0.021186029791918397,0.030195728,50,14,0.16788097,0,53,true,456,46367.059773626424,22.4317642492378,2067.0269,14.022841,48,1269.3147466101263,11.889831647269375,106.756325,17.592464,52,84084.06390181313,460.12255648668224,182.74275,12.450136,1.8408194,1,5.1423283,3.569623,1.5727053,,,0,,,,NOT_AVAILABLE,331.52465543277555,-23.51858955478894,276.5208072197068,-40.77687379561528,100002,3301.0,3281.25,3376.75,1.8887,1.6825,2.0667,1.299,1.1435,1.4143,,,,,,,,http://geadata.esac.esa.int/data-server/datalink/links?ID=6439125097425259776,,35,34,-63.9588791667,3.85,2015.5,281.289529861,SCR J1845-6357,M8.5V,SCR1845,17.4,0.62,2.59,6439125097425259776
1635721458409799680,Gaia DR2 2261614264930275072,830854022,2015.5,293.09735942038924,0.22435998634048696,69.65369255009136,0.217843681514713,173.24049947481834,0.20698000175407336,836.9915,597.8780504011394,0.5086610276882403,-1738.261253154377,0.5923390841027399,-0.13181289,0.15726249,0.4710245,-0.24300584,0.12914528,-0.18404467,0.2836444,0.09971719,-0.18338877,-0.16248329,272,272,230,42,106.65983,18533.268,1.301851263099391,541.4194421337561,31,true,0.56137,1.7002910590143343,0.05739356288275851,0.11018774,31,13,0.31111792,0,36,true,245,3.3252088693946075E8,1230298.3389554915,270.27664,4.3838186,28,1.542573607145379E8,276634.55104507203,557.62146,4.8807735,27,2.2164614271632057E8,682384.1821127635,324.81137,3.8977695,1.1304659,0,0.9830041,0.49695492,0.48604918,26.57641944704343,0.16428870657428857,15,5500.0,4.5,0.0,NOT_AVAILABLE,101.296625893094,21.872051857299013,30.244532293200873,80.91556423141117,100001,5450.5,5137.0,5924.0,0.1,0.0,0.276,0.041,9.0E-4,0.1641,200111,0.75209427,0.6366707,0.84669274,0.44976398,0.44799146,0.4515365,http://geadata.esac.esa.int/data-server/datalink/links?ID=2261614264930275072,,36,35,69.6493902778,5.76,2015.5,293.094041667,HIP96100,K0V,HIP96100,4.67,-1.74,0.6,2261614264930275072
1635721458409799680,Gaia DR2 4190374813602603392,1059855206,2015.5,297.6947883990931,0.14536530001353318,-10.763369976243505,0.09630126544279367,36.45482657908499,0.16151523031972098,225.7052,-32.61885321815835,0.2628868232805448,32.46980798910828,0.18933544074403186,-0.083439626,0.38707778,0.17994645,-0.3435109,-0.12503435,-0.19562703,0.6385839,-0.21335128,-0.3860797,0.073780805,469,469,421,48,95.37311,13679.819,0.6640193910687376,199.519248858095,31,true,2.0530221,1.735523107024397,0.026639693086819495,-0.033924088,54,12,0.13496706,0,57,false,445,1.477417506564122E8,195943.9127075958,754.0002,5.2646074,43,8.775199706133637E7,159464.07689557635,550.2932,5.4932456,40,8.278387678717288E7,300497.7258038549,275.4892,4.967056,1.1542835,0,0.5261898,0.22863817,0.29755163,13.097922659499686,0.5965186538884361,22,6750.0,4.5,-0.25,NOT_AVAILABLE,29.82712308720419,-18.000262016829474,297.62699425117137,10.059266358461027,100001,6768.5,6636.0,6922.5,0.3932,0.0719,0.76,0.1497,0.0349,0.376,200111,1.5084713,1.442102,1.5693115,4.302675,4.28001,4.3253393,http://geadata.esac.esa.int/data-server/datalink/links?ID=4190374813602603392,,37,36,10.7635354167,26.4,2015.5,297.694797917,HIP97650,F0V,HIP97650,5.38,0.03,-0.03,4190374813602603392
1635721458409799680,Gaia DR2 2079073928612819840,1444069873,2015.5,298.4796704063084,0.5405951197290337,44.41239192892343,0.5159134971829457,213.13289347323374,0.5737238239450664,371.4904,441.5619726327328,1.1438526872989772,-434.2407374222472,1.0310155036708963,-0.07324311,-0.028210381,-0.16138513,0.006843578,0.3247647,-0.021810006,-0.16490597,-0.08443906,-0.03595711,-0.018530086,221,221,221,0,311.45816,286634.1,3.4777297363658373,5013.066943241626,31,false,0.071830325,1.1906477475412685,0.1888273570188625,-0.026147777,25,16,0.5617852,0,29,false,256,488456.9451815814,1061.4026200966089,460.1995,11.4663,27,43830.87532170299,171.251012837904,255.9452,13.746938,28,777459.4813810755,1928.8822326129673,403.0622,10.035226,1.6813977,0,3.711712,2.2806377,1.4310741,,,0,,,,NOT_AVAILABLE,78.85746169212807,8.506836121983559,318.84727858891733,63.10361129761068,100001,3604.525,3345.6667,3938.8525,0.282,0.1644,0.649,0.169,0.1039,0.401,,,,,,,,http://geadata.esac.esa.int/data-server/datalink/links?ID=2079073928612819840,,38,37,44.4113708333,4.54,2015.5,298.478797222,GJ1245A,M5.5V,GJ1245AC,13.4,-0.58,0.44,2079073928612819840
1635721458409799680,Gaia DR2 6427464325637241728,494917317,2015.5,302.19462220870395,0.3119286363117127,-66.18693323054245,0.4510208166950472,164.05256998292575,0.3553617003102633,461.64957,1213.4924782140229,0.7253863692794976,-1135.5574656676358,0.9939126182722002,-0.23736864,-0.03657442,-0.6682866,0.1785648,0.31114364,0.113822535,-0.79610026,-0.08538262,-0.35073036,-0.05105121,290,290,272,18,196.1349,78787.336,1.7444934763360942,1617.694621458247,31,true,0.29938897,2.407935388029103,0.09150418193859933,-0.046723068,34,12,0.5355898,0,46,true,358,9.306754089399636E8,2161548.4446864286,430.5596,3.26637,42,3.7189049486218005E8,8004844.067840706,46.45818,3.9253504,42,5.787835334052484E8,1623107.3815492361,356.5898,2.8556297,1.0214883,0,1.0697207,0.65898037,0.41074038,-23.524999483996915,0.8082217938599718,2,5500.0,4.5,0.25,NOT_AVAILABLE,329.7609867133735,-32.42115912540854,287.61822628813746,-44.70563819681861,101001,4995.0,4718.0,5966.6665,,,,,,,200111,1.6406457,1.1498,1.83895,1.5096154,1.5045456,1.5146853,http://geadata.esac.esa.int/data-server/datalink/links?ID=6427464325637241728,,39,38,-66.18955625,6.1,2015.5,302.189817361,HIP99240,G5IV-Vv,HIP99240,3.55,-1.13,1.21,6427464325637241728
1635721458409799680,Gaia DR2 6890353330746858368,220684062,2015.5,314.19399148365966,0.05110355629994593,-10.453382272590357,0.031008687861672907,62.11546510835087,0.07212089066282881,861.2687,-37.19591709131535,0.10776673919333796,-1124.3205237190714,0.06241804901763511,0.12937881,0.080868915,-0.291126,0.0673527,0.2993179,-0.15668271,-0.63509816,-0.56286544,-0.3170192,0.36136487,265,265,258,7,18.913652,959.8739,0.0912002785276012,4.494295922741698,31,true,74.809456,1.3425777612336702,0.008848725362621997,-0.06086182,30,10,0.06568542,0,32,false,279,1294040.5920257315,760.6870079922662,1701.1472,10.408496,32,278773.15058029105,344.0776183731082,810.2043,11.738261,32,1530026.2629321131,1135.516380768813,1347.4277,9.300173,1.3977919,0,2.4380884,1.3297653,1.1083231,,,0,,,,NOT_AVAILABLE,37.811952164809085,-32.539020352325785,313.6316121336498,6.546080401445497,100001,3609.6133,3484.75,3992.3633,,,,,,,,,,,,,,http://geadata.esac.esa.int/data-server/datalink/links?ID=6890353330746858368,,40,39,10.44085625,14.7,2015.5,314.194031944,HIP103388,M4,HIP103388,11.3,-1.11,-0.02,6890353330746858368
1635721458409799680,Gaia DR2 1872046574983507456,281118845,2015.5,316.7477375941723,0.07303811481339806,38.763411107191175,0.08625337245105454,285.9459145181478,0.10084725602513019,2835.4358,4164.174053321776,0.19196220924968352,3249.990814777406,0.2496263477407189,-0.025557738,0.28290033,0.36106756,-0.1114516,0.083308995,-0.10325864,0.11138548,0.13862933,-0.091561064,0.08775569,284,284,259,25,55.70655,4709.9775,0.4563374677368957,83.06947696598348,31,false,4.354418,1.5295215859761642,0.02307353794470007,0.15125535,32,13,0.13225661,0,39,true,303,2.4475230150224254E8,589560.5694439505,415.14362,4.716549,28,9.049603667547964E7,146197.40097064254,618.99896,5.459814,30,1.989882095700202E8,754076.9058848011,263.88318,4.0148516,1.1827642,0,1.4449625,0.74326515,0.70169735,-65.93775987379425,0.13571152462284727,14,4000.0,3.0,0.0,NOT_AVAILABLE,82.34224746202929,-5.822049890668886,336.9931524750811,51.90301872684925,100001,4327.0,4223.92,4427.66,0.173,0.0054,0.5814,0.0983,0.0019,0.3083,200111,0.72014487,0.6877729,0.7557224,0.16378798,0.16338737,0.16418858,http://geadata.esac.esa.int/data-server/datalink/links?ID=1872046574983507456,,41,40,38.7711263889,3.49,2015.5,316.752605556,GJ820A,K5.0V,GJ820A,5.2,3.26,4.16,1872046574983507456
1635721458409799680,Gaia DR2 1872046574983497216,668737039,2015.5,316.752931475456,0.04373484077047262,38.75563452356051,0.04807126734868995,286.1456653355467,0.05900722501018023,4849.3325,4105.786342614827,0.09402215794658485,3155.759205526986,0.09788155140001885,-0.06252574,0.15995257,-0.25899738,-0.052005954,0.15624866,-0.08983717,-0.2834892,-0.2549667,0.003140738,-0.1413788,358,358,329,29,43.152355,3128.5242,0.30199389382597563,43.057607036704276,31,false,9.764051,1.4661435834620373,0.01423548849517025,-0.028285498,42,17,0.059975263,0,49,false,389,1.276074475574783E8,172706.74798799705,738.86774,5.4236755,36,4.223164016177297E7,67938.9865258206,621.61127,6.2872934,36,1.1741719225820054E8,412013.13016353623,284.9841,4.5875907,1.2510934,1,1.6997027,0.8636179,0.83608484,-64.42504626781454,0.1301539542463682,21,4000.0,3.0,0.0,NOT_AVAILABLE,82.33916895508112,-5.8302656626718745,336.9930300635574,51.89425101606321,100002,4177.3047,3988.0,4725.25,0.236,0.122,0.7,0.099,0.0589,0.308,200111,0.5798374,0.45315728,0.636192,0.09223416,0.09210683,0.09236149,http://geadata.esac.esa.int/data-server/datalink/links?ID=1872046574983497216,,42,41,38.7628180556,3.49,2015.5,316.758102083,GJ820B,K7.0V,GJ820B,6.03,3.14,4.11,1872046574983497216
1635721458409799680,Gaia DR2 6583272171335359360,1596179121,2015.5,319.29559940781115,0.0566206585453647,-38.87229724957863,0.043841161697402424,251.82949243686906,0.0558674630112844,4507.6235,-3258.5531275249455,0.09879398867748382,-1145.3957291901002,0.08222479248276107,0.8455161,0.26474953,-0.7023962,-0.7464983,0.2585716,-0.6814771,-0.8215843,-0.5527274,-0.3197594,0.7104681,359,359,331,28,12.955921,780.14844,0.0,0.6119735443595786,31,true,361.71777,1.417434187492374,0.0076370737160671295,-0.03543392,41,11,0.08128889,0,54,false,408,7.679149240417826E7,43875.70559450655,1750.2053,5.975083,37,2.3813845331689414E7,38744.90369583355,614.63165,6.909314,43,7.58325660878559E7,86632.44039869579,875.33685,5.0622807,1.297623,0,1.8470335,0.9342313,0.9128022,20.561701480854417,0.12656168634819115,18,4000.0,3.0,0.0,NOT_AVAILABLE,3.896712550493207,-44.242699128588505,309.51957663332314,-21.952301933957358,100001,4002.25,3929.3367,4062.03,0.3618,0.0485,0.9173,0.188,0.0549,0.4067,200111,0.58774835,0.5705761,0.6097634,0.07985357,0.07980216,0.07990498,http://geadata.esac.esa.int/data-server/datalink/links?ID=6583272171335359360,,43,42,-38.87496875,3.94,2015.5,319.291790278,GJ825,K9.0V,GJ825,6.67,-1.15,-3.26,6583272171335359360
1635721458409799680,Gaia DR2 6412595290592307840,1598656805,2015.5,330.8714021016992,0.17763490688772945,-56.796902311833904,0.18799029225345623,274.804805762946,0.24940651716166495,1101.835,3967.038786228726,0.3801046309257168,-2535.75776094757,0.41489983498874844,-0.028186206,0.20816962,0.14461988,0.02413437,0.038611945,0.055835355,-0.24268655,-0.1540151,-0.26614535,0.059407882,287,287,252,35,113.73727,21193.19,1.1835942567879842,565.5983452562695,31,true,0.66996634,1.676711623501239,0.06241565435796912,-0.06337337,33,14,0.21092378,0,38,false,298,3.6815481844272673E8,1807670.7780733923,203.66254,4.2732897,28,1.4849223744769394E8,102985.51214284389,1441.875,4.9221287,32,2.814128113478496E8,470255.9721833094,598.42474,3.6385603,1.167729,0,1.2835684,0.648839,0.6347294,-40.504477888331124,0.23018493691026176,5,5500.0,4.5,0.0,NOT_AVAILABLE,336.1664645702553,-48.05510995855362,309.64045379763223,-41.42642107574345,100001,4585.0,4508.0,4851.25,0.2892,0.0213,0.6206,0.1305,0.0079,0.2631,200111,0.77520955,0.69245327,0.801918,0.2392711,0.23807098,0.24047123,http://geadata.esac.esa.int/data-server/datalink/links?ID=6412595290592307840,,44,43,-56.8029430556,3.62,2015.5,330.867091667,GJ845A,K4.0V,GJ845A,4.68,-2.54,3.96,6412595290592307840
1635721458409799680,Gaia DR2 2007876324466455424,143395581,2015.5,336.9923137243434,0.1817250541497253,57.69406039042109,0.13289636485773193,249.39262934847932,0.16532185012105857,1508.528,-725.2267060902635,0.5370507541274923,-223.46056117209608,0.3475539878013533,0.053041045,-0.21068496,0.686198,0.07052287,-0.3289157,0.08199883,0.55729324,-0.38029456,-0.38617644,0.21828549,135,135,123,12,19.593637,745.20483,0.4711484395660633,22.792777751437146,31,true,3.8998046,1.3055534025789302,0.03771785670693944,0.013411973,15,10,0.2856012,0,22,true,165,6588781.333951321,6107.777473994786,1078.7527,8.641353,21,1362334.3143969625,16864.927132183366,80.77914,10.015679,22,9447452.863139173,180064.4960215521,52.46705,7.323633,1.6406353,0,2.6920462,1.3743267,1.3177195,,,0,,,,NOT_AVAILABLE,104.6837974089469,-0.0029660831985485626,16.37540879001204,59.15446875989795,102001,4425.525,3629.0273,4795.35,,,,,,,,,,,,,,http://geadata.esac.esa.int/data-server/datalink/links?ID=2007876324466455424,,45,44,57.6926673611,4.03,2015.5,336.992472917,GJ860B,M4.0V,GJ860B,11.4,-0.47,-0.87,2007876324466455424
1635721458409799680,Gaia DR2 2596740426912781696,954860113,2015.5,339.6503394188831,2.2023266435552085,-15.289968606899302,2.112006228705844,,,,,,,,0.2711975,,,,,,,,,,72,72,71,1,497.5202,1758171.6,14.120753390072467,56448.515567797425,3,false,0.004400078,,,-0.11542446,9,4,4.74016,0,10,true,71,1588321.843970462,2558.764573003679,620.7378,10.18602,7,122977.84318099848,711.7204051852237,172.78954,12.626821,8,2418506.486131093,4470.67773439731,540.9709,8.803052,1.6001066,0,3.8237686,2.4408007,1.382968,,,0,,,,NOT_AVAILABLE,47.09424108791669,-56.98416706614262,335.4740016137619,-6.229655024786947,130001,3294.0,3289.0,3316.0,,,,,,,,,,,,,,http://geadata.esac.esa.int/data-server/datalink/links?ID=2596740426912781696,,46,45,-15.2868555556,3.45,2015.5,339.655063889,GJ866,M5.0V,GJ866,13.0,2.24,2.36,2596740426912781696
1635721458409799680,Gaia DR2 6553614253923452800,739469900,2015.5,346.50275731118126,0.03794999483551904,-35.84734894375071,0.03729202122153897,304.21902198647064,0.0450969944500078,6745.8823,6765.994656157758,0.07073972254031033,1330.3880445050922,0.0760343937698724,-0.007051915,0.43520746,0.20942661,-0.21255326,-0.24707983,-0.14281262,-0.09671907,-0.095219314,-0.18322016,0.185086,132,132,128,4,8.01999,295.34424,0.0,1.2585344472030546E-15,31,true,212.27785,1.3673288933426746,0.010370249248435374,0.11060056,15,10,0.05017529,0,18,false,141,4.640334594122702E7,38281.04459096722,1212.1755,6.5219927,14,1.2426191780880153E7,60004.26531771719,207.08847,7.615543,16,5.015627259528063E7,142587.36595801325,351.75818,5.511107,1.3486627,0,2.104436,1.0935502,1.0108857,8.172909859624841,0.1448540293199702,9,4000.0,3.0,0.0,NOT_AVAILABLE,5.097338062403025,-65.98673655080474,332.7166954773179,-27.51936211392787,100001,3957.3574,3875.53,4034.9126,0.1987,0.0582,0.4306,0.106,0.0426,0.1991,,,,,,,,http://geadata.esac.esa.int/data-server/datalink/links?ID=6553614253923452800,,47,46,-35.84381875,3.27,2015.5,346.512270139,GJ887,M1.0V,GJ887,7.34,1.33,6.77,6553614253923452800
1635721458409799680,Gaia DR2 2436812303124645504,234570177,2015.5,350.77237924473,0.055693728504599964,-10.763122970893239,0.03755640472972851,52.131321711438574,0.057289669402973274,909.96027,452.36759152040327,0.11428644507506326,260.3566154139691,0.07392161104405842,-0.004148872,0.33169797,0.07208214,-0.21227005,-0.10677559,-0.12655485,-0.007880813,-0.025499875,-0.3079795,-0.03576795,106,106,106,0,4.7012153,182.64284,0.0,0.0,31,true,90.592285,1.5606570648627036,0.011545887103077619,-0.09228251,12,10,0.0667115,0,16,false,139,1.831833059391341E7,4663.211168403725,3928.2654,7.531151,13,8537477.300170925,12465.80927469022,684.87146,8.023065,13,1.3629145943569697E7,23300.78460927858,584.9222,6.9257483,1.2100788,0,1.0973163,0.4919138,0.60540247,33.919439501985394,0.16274312503808577,7,5000.0,4.5,-0.25,NOT_AVAILABLE,66.90197315054345,-63.54973943309026,347.28365991192555,-6.238931042295743,100001,5003.6,4929.69,5087.5,0.016,0.0053,0.247,0.0105,0.0039,0.1001,200111,0.7211828,0.6975924,0.7429701,0.29370806,0.29327255,0.29414356,http://geadata.esac.esa.int/data-server/datalink/links?ID=2436812303124645504,,48,47,10.7659180556,19.4,2015.5,350.773447917,HIP115445,K2V,HIP115445,7.8,0.26,0.45,2436812303124645504
1635721458409799680,Gaia DR2 1926461164913660160,35388643,2015.5,355.47999369869643,0.10181327025470764,44.170596761287726,0.052182015309430174,316.9558463919487,0.12597553842696144,2516.011,112.69222419777644,0.15336686604947214,-1592.0552364762707,0.11233393239023975,0.01721509,0.59129584,-0.4358216,-0.13380547,0.12385815,-0.13697559,0.049696613,-0.367207,-0.13112628,-0.15477873,308,303,294,14,50.59126,4005.6843,0.37493013117008533,62.026632646331855,31,true,6.241714,1.2551263613736205,0.018311476068434866,0.050456118,35,14,0.09145605,0,49,false,406,1346262.1422892334,966.2153222026035,1393.3356,10.365541,45,130838.4405144879,253.93896049466355,515.2358,12.559549,45,1965119.8403423754,1923.0707175720238,1021.8656,9.028447,1.5568724,0,3.5311022,2.1940079,1.3370943,,,0,,,,NOT_AVAILABLE,109.98938675265559,-16.947133844202583,17.489654935313165,41.43603637436279,100001,3293.0,3280.0,3519.5176,0.2448,0.0094,0.695,0.104,0.0119,0.4161,,,,,,,,http://geadata.esac.esa.int/data-server/datalink/links?ID=1926461164913660160,,49,48,44.1641548611,3.16,2015.5,355.478455556,GJ905,M5.5V,GJ905,12.2,-1.61,0.08,1926461164913660160
