solution_id,designation,source_id,random_index,ref_epoch,ra,ra_error,dec,dec_error,parallax,parallax_error,parallax_over_error,pmra,pmra_error,pmdec,pmdec_error,ra_dec_corr,ra_parallax_corr,ra_pmra_corr,ra_pmdec_corr,dec_parallax_corr,dec_pmra_corr,dec_pmdec_corr,parallax_pmra_corr,parallax_pmdec_corr,pmra_pmdec_corr,astrometric_n_obs_al,astrometric_n_obs_ac,astrometric_n_good_obs_al,astrometric_n_bad_obs_al,astrometric_gof_al,astrometric_chi2_al,astrometric_excess_noise,astrometric_excess_noise_sig,astrometric_params_solved,astrometric_primary_flag,astrometric_weight_al,astrometric_pseudo_colour,astrometric_pseudo_colour_error,mean_varpi_factor_al,astrometric_matched_observations,visibility_periods_used,astrometric_sigma5d_max,frame_rotator_object_type,matched_observations,duplicated_source,phot_g_n_obs,phot_g_mean_flux,phot_g_mean_flux_error,phot_g_mean_flux_over_error,phot_g_mean_mag,phot_bp_n_obs,phot_bp_mean_flux,phot_bp_mean_flux_error,phot_bp_mean_flux_over_error,phot_bp_mean_mag,phot_rp_n_obs,phot_rp_mean_flux,phot_rp_mean_flux_error,phot_rp_mean_flux_over_error,phot_rp_mean_mag,phot_bp_rp_excess_factor,phot_proc_mode,bp_rp,bp_g,g_rp,radial_velocity,radial_velocity_error,rv_nb_transits,rv_template_teff,rv_template_logg,rv_template_fe_h,phot_variable_flag,l,b,ecl_lon,ecl_lat,priam_flags,teff_val,teff_percentile_lower,teff_percentile_upper,a_g_val,a_g_percentile_lower,a_g_percentile_upper,e_bp_min_rp_val,e_bp_min_rp_percentile_lower,e_bp_min_rp_percentile_upper,flame_flags,radius_val,radius_percentile_lower,radius_percentile_upper,lum_val,lum_percentile_lower,lum_percentile_upper,datalink_url,epoch_photometry_url,original_ext_source_id,ra,dec,ep,vmag,sptype,dist,pmra,pmde,simbadname,DISTANCE
1635721458409799680,"Gaia DR2 2306965374362726272",2306965374362726272,358737023,2015.5,1.349909425260631,0.37524844814270025,-37.359522980575484,0.218709119323864,1.6152901431010334,0.3688336989185053,4.3794537,18.85666786457476,0.6882851171314027,1.855779833150968,0.41962533125412577,-0.25325933,0.3727802,0.5235888,-0.20195012,-0.33297437,-0.10783093,0.17172363,-0.08436747,-0.26787126,-0.06510312,159,0,159,0,1.1722274,174.77582,0.0,0.0,31,false,0.23573017,1.36119231207269,0.0784839025570483,-0.12542066,18,11,0.64800787,0,19,false,159,451.60249621234755,1.6725999091075179,270.0003,19.051476,16,115.94774962547399,6.403980176306991,18.105576,20.190733,18,537.1234437795977,9.11007942480417,58.959248,17.936735,1.4461195,0,2.2539978,1.1392574,1.1147404,,,0,,,,"NOT_AVAILABLE",343.5514539790617,-75.90045478070869,344.2439967510776,-34.34605678934751,,,,,,,,,,,,,,,,,,"http://geadata.esac.esa.int/data-server/datalink/links?ID=2306965374362726272",,"GJ1",1.3516666666666663,-37.35722222222223,2000,8.54,"M1.5V  ",4.34,5.64,-2.33,"GJ1",0.0026915439562812983
1635721458409799680,"Gaia DR2 4634528720387797120",4634528720387797120,932472399,2015.5,4.062572436018652,9.924636329780515,-79.8503269915165,0.7296515588631146,,,,,,,,0.90061766,,,,,,,,,,42,0,42,0,37.265766,2164.6072,1.4806123149581565,217.53458448667337,3,false,0.44639787,,,-0.1770383,5,5,13.669182,0,5,false,43,65435.25125012529,3531.0138566183796,18.531576,13.648836,0,,,,,0,,,,,,0,,,,,,0,,,,"NOT_AVAILABLE",304.8694290791463,-37.14519624864811,294.8183271192614,-65.24276533415691,,,,,,,,,,,,,,,,,,"http://geadata.esac.esa.int/data-server/datalink/links?ID=4634528720387797120",,"HIP1292",4.0529166666666665,-79.85111111111111,2000,6.59,"G6V    ",17.6,0.43,-0.06,"HIP1292",0.001873463494990258
1635721458409799680,"Gaia DR2 4634528720388462592",4634528720388462592,858765413,2015.5,4.063432270443731,0.02283736336714258,-79.85142176067279,0.020082556165089444,56.931882909300185,0.023490927351285374,2423.569,433.90831415701535,0.043764795130680996,-56.32176240289053,0.03920108605187467,-0.1579929,0.40075803,-0.22461197,-0.20310819,-0.12797405,-0.13104711,-0.19998227,-0.10662963,-0.21666828,-0.053847983,229,229,228,1,10.122611,511.20435,0.0,0.0,31,true,244.15251,1.5802286645743995,0.00515814091398815,-0.0014688874,26,18,0.034132093,0,31,false,247,5.222510553582002E7,28202.643933667245,1851.7805,6.393667,25,2.607835058012993E7,88518.00172726519,294.6107,6.810688,26,3.575228217268001E7,118181.99653169274,302.51886,5.8786607,1.1839255,0,0.93202734,0.4170208,0.51500654,-6.050546282411174,0.1430742067045052,12,5500.0,4.5,0.0,"NOT_AVAILABLE",304.8690072930432,-37.14414342513785,294.8159658777816,-65.24325900801247,100001,5520.0,5404.3335,5746.25,0.059,0.017,0.2476,0.0248,0.0069,0.109,200111,0.8810842,0.8130674,0.9192027,0.6493604,0.648775,0.64994586,"http://geadata.esac.esa.int/data-server/datalink/links?ID=4634528720388462592",,"HIP1292",4.0529166666666665,-79.85111111111111,2000,6.59,"G6V    ",17.6,0.43,-0.06,"HIP1292",0.0018787526506514167
1635721458409799680,"Gaia DR2 527956557058588672",527956557058588672,693199701,2015.5,8.11780345245985,0.12403919416108701,67.23549125906567,0.10648327195117073,0.5836952839425965,0.148974273725118,3.9180944,1.6316329391496116,0.29427625108907746,1.1239625255552468,0.2084880763912794,-0.10294829,0.2914847,0.100110166,0.018448895,0.0017398762,-0.058989257,0.1180922,-0.14444438,0.23556192,-0.17090194,258,0,256,2,0.85173565,269.87088,0.0,0.0,31,false,0.64549506,1.3012494251972158,0.03296696819819445,0.16539201,30,18,0.2659955,0,34,false,286,811.6021578098378,1.2165803704817462,667.1176,18.415009,26,181.04987556507922,8.589113864197763,21.078993,19.706892,28,1038.875364227782,9.353226731938564,111.071335,17.22051,1.5031074,0,2.4863815,1.2918835,1.1944981,,,0,,,,"NOT_AVAILABLE",121.09343734905278,4.431470572745416,47.42330339904353,55.51540762774422,,,,,,,,,,,,,,,,,,"http://geadata.esac.esa.int/data-server/datalink/links?ID=527956557058588672",,"HIP2552",8.122499999999999,67.23555555555555,2000,10.2,"M2.5Ve ",10.1,1.74,-0.22,"HIP2552",0.0018184377426044885
1635721458409799680,"Gaia DR2 527956557056187008",527956557056187008,338436662,2015.5,8.126768816243155,2.9761474758028834,67.2368555937242,1.850625816284878,,,,,,,,-0.34760845,,,,,,,,,,78,0,77,1,5.6464877,162.08778,8.219924618009308,7.27771917548326,3,false,0.0077927494,,,-0.21415615,9,7,5.0880876,0,11,false,94,87.16745707450279,1.4393523453382902,60.560192,20.83748,5,35.97992374930062,8.70646813372325,4.132551,21.461237,8,129.96364823402277,9.266456722954358,14.025172,19.477365,1.9037331,0,1.9838715,0.6237564,1.360115,,,0,,,,"NOT_AVAILABLE",121.09700816645658,4.432575458499569,47.42938163759491,55.51397526356736,,,,,,,,,,,,,,,,,,"http://geadata.esac.esa.int/data-server/datalink/links?ID=527956557056187008",,"HIP2552",8.122499999999999,67.23555555555555,2000,10.2,"M2.5Ve ",10.1,1.74,-0.22,"HIP2552",0.002101990333209306
1635721458409799680,"Gaia DR2 425040000959067008",425040000959067008,523161254,2015.5,12.280886329789428,0.02491736536037131,57.815804444744806,0.03065781717460342,168.75206812358098,0.03767691690534877,4478.9243,1144.5740324908766,0.052308456076591264,-469.38231395332224,0.048006170727066214,-0.07030802,0.13656284,-0.460155,0.04436181,-0.22634007,-0.032886505,-0.6489055,-0.010598349,0.31930208,-0.2666526,322,322,322,0,10.459508,658.9441,0.0,1.5900645816613501E-15,31,true,177.91228,1.4387880768902706,0.006780740314628478,0.10481749,37,16,0.039078165,0,53,false,411,3.744996696952395E7,13473.581960119045,2779.5107,6.754737,40,1.2246222067923643E7,24827.99343604811,493.24252,7.631383,34,3.6109315900258206E7,65231.94061269611,553.5527,5.8678718,1.2912037,1,1.7635112,0.87664604,0.88686514,10.446348191297261,0.14181933912746758,19,4000.0,3.0,0.0,"NOT_AVAILABLE",122.62253685253523,-5.054555269914899,40.25028270607094,47.006876172443775,100002,4091.8901,4003.6902,4184.0,0.5025,0.1679,0.8001,0.2182,0.0829,0.385,200111,0.56929076,0.544501,0.5946496,0.08185756,0.08181747,0.08189765,"http://geadata.esac.esa.int/data-server/datalink/links?ID=425040000959067008",,"HIP3821",12.27625,57.815,2000,3.46,"G0V SB ",5.95,1.09,-0.56,"HIP3821",0.0025972555800815853
1635721458409799680,"Gaia DR2 532855499834031360",532855499834031360,258381398,2015.5,14.267342908671663,2.608714404118328,69.04146901930896,2.5745442754973893,,,,,,,,-0.05936746,,,,,,,,,,44,0,44,0,1.3531706,51.40752,3.993415898205328,1.4037148476658412,3,false,0.015890056,,,0.32467842,5,5,9.169696,0,5,false,44,70.59073378156425,1.5853024587596076,44.528244,21.066496,0,,,,,0,,,,,,0,,,,,,0,,,,"NOT_AVAILABLE",123.43839622847597,6.175257171996991,52.53441464412608,55.2569649077945,,,,,,,,,,,,,,,,,,"http://geadata.esac.esa.int/data-server/datalink/links?ID=532855499834031360",,"HIP4454",14.26833333333333,69.04333333333334,2000,9.12,"K4V    ",24.1,0.72,-0.23,"HIP4454",0.001897672606657449
1635721458409799680,"Gaia DR2 533621859438510208",533621859438510208,1383590785,2015.5,15.638021629113771,1.1994863015941062,71.68167529058977,1.2124681138653557,,,,,,,,0.08917834,,,,,,,,,,95,0,94,1,1.1775919,104.90798,1.2658383655250838,0.33616363666243726,3,false,0.025733067,,,0.26596922,11,9,4.6804233,0,12,false,102,88.86356240296504,0.992632536469954,89.52312,20.816557,7,71.64837262346845,31.595622995535752,2.2676678,20.713373,10,116.47102306320451,18.719375194095722,6.2219505,19.596375,2.1169465,0,1.1169987,-0.10318375,1.2201824,,,0,,,,"NOT_AVAILABLE",123.81536519710099,8.828992396826969,56.3888078775913,56.85489091743965,,,,,,,,,,,,,,,,,,"http://geadata.esac.esa.int/data-server/datalink/links?ID=533621859438510208",,"HIP4856",15.634166666666665,71.67972222222222,2000,9.98,"M3.5e  ",8.14,1.75,-0.38,"HIP4856",0.0022983909268293108
1635721458409799680,"Gaia DR2 522863309961195904",522863309961195904,1214040,2015.5,15.660314196526045,0.5061272263706247,62.34567273533328,0.6964761611064443,0.8774495082563617,0.8479870309369216,1.034744,-1.6305132436012197,1.2884836785298428,-0.9694153034608066,1.2304517676549056,0.033312958,0.114909686,0.15350308,-0.22243732,-0.032285824,-0.18215206,-0.35784504,-0.19923815,0.29714772,-0.32596773,218,0,217,1,1.965443,254.34741,1.2099084629899752,0.5539980569520071,31,false,0.032312952,1.3025791696476294,0.1668372592314462,0.09009386,25,14,1.2949708,0,28,false,229,123.51038776104238,0.8742381650832565,141.27774,20.459106,23,69.07124033233508,8.111332312900814,8.5154,20.753145,22,209.4952198173261,9.029571450642756,23.201015,18.958984,2.2554092,0,1.7941608,0.29403877,1.5001221,,,0,,,,"NOT_AVAILABLE",124.23153111258651,-0.4978035686064987,46.27691270299179,49.71491182254685,,,,,,,,,,,,,,,,,,"http://geadata.esac.esa.int/data-server/datalink/links?ID=522863309961195904",,"HIP4872",15.662083333333332,62.345,2000,9.56,"K5V... ",10.0,0.73,0.09,"HIP4872",0.0010615208244386261
1635721458409799680,"Gaia DR2 523433784698892800",523433784698892800,726044142,2015.5,16.78603441496932,0.026448772685333077,63.942774675003875,0.03067950224830674,0.4405972847859217,0.03758227119311868,11.72354,-5.0009585802434975,0.05050205604313101,-0.29872727712620145,0.05403707466338159,-0.13251558,-0.009059751,-0.45285496,0.07789125,-0.09031661,0.063045606,-0.41648906,0.011325407,0.25800216,-0.25066793,301,0,299,2,3.2384138,378.93628,0.12290688432233209,1.6931118025324887,31,false,10.956728,1.3597018799646234,0.008143044266384528,0.04909873,34,17,0.062180992,0,36,false,304,10702.675182997253,5.283543764215387,2025.6622,15.6146345,32,2567.695232583836,18.060801102338704,142.16951,16.82753,30,12718.789097106319,31.735288742232562,400.7775,14.500806,1.4282863,0,2.326724,1.2128954,1.1138287,,,0,,,,"NOT_AVAILABLE",124.6559739524908,1.1236136457374708,48.40353604144498,50.69304263851158,100001,3977.145,3463.25,4505.703,2.683,2.3489,3.0361,1.3805,1.169,1.5606,200111,4.0426645,3.1498177,5.33142,3.6839678,2.9585843,4.4093513,"http://geadata.esac.esa.int/data-server/datalink/links?ID=523433784698892800",,"HIP5247",16.784166666666668,63.941111111111105,2000,9.0,"K7V    ",15.0,1.55,0.32,"HIP5247",0.0018548886385576979
1635721458409799680,"Gaia DR2 512167948043650816",512167948043650816,708110694,2015.5,26.94249330821931,0.043865202804046835,63.85144199681554,0.04518916218571487,99.57455609377016,0.05951917409956319,1672.9828,582.0276562897453,0.06986100323743814,-246.22765538149628,0.08582957271970888,-0.20558481,0.16238162,-0.5535159,0.20731162,0.045841545,0.16802533,-0.41831207,-0.06808022,0.19053084,-0.34826362,392,392,362,30,37.31596,2568.0388,0.2646765904821785,33.46348217419274,31,true,12.932913,1.594974719823075,0.013894852775696081,-0.11877202,45,17,0.056749854,0,60,false,463,1.3251191510437088E8,142546.9014055245,929.60223,5.3827286,45,6.450051844431488E7,87511.81096771946,737.0493,5.8274803,44,9.116843793716992E7,176684.442343042,515.99585,4.8623085,1.1747544,0,0.9651718,0.44475174,0.5204201,2.6735892628407534,0.13207717319776005,21,5500.0,4.5,0.0,"NOT_AVAILABLE",129.09041700431828,1.6553013074397063,53.97647420571374,48.08648108620299,100001,5350.0,5304.0,5783.5,0.126,0.0357,0.3344,0.063,0.012,0.1254,200111,0.86252683,0.7380719,0.87755257,0.5491046,0.54837245,0.5498367,"http://geadata.esac.esa.int/data-server/datalink/links?ID=512167948043650816",,"HIP8362",26.936666666666664,63.8525,2000,5.63,"K0V    ",9.97,0.58,-0.25,"HIP8362",0.0027771796804324585
1635721458409799680,"Gaia DR2 512167948036531072",512167948036531072,583589525,2015.5,26.93384436715254,0.0770755093262389,63.85488139833138,0.08122859249356311,0.15269087449877924,0.09471887511556151,1.6120428,2.32185945309547,0.14724861360185768,-1.7240322209494148,0.16951216353679294,-0.49630594,0.13638508,-0.6009318,0.58973545,0.09327653,0.5791279,-0.5573352,0.18790692,-0.076837234,-0.657755,157,0,154,3,4.6980367,244.77559,0.2889283666684396,3.8251159806105806,31,false,4.088699,1.4408362558666614,0.0214004002288689,0.016880952,18,13,0.20111857,0,25,false,183,5688.673063002875,34.35551542842268,165.58252,16.300838,16,2829.431525011027,285.67651071486836,9.90432,16.72214,13,6023.762597945258,255.71968658595657,23.556116,15.31225,1.5562845,0,1.4098892,0.4213009,0.98858833,,,0,,,,"NOT_AVAILABLE",129.0859493283592,1.657833592963688,53.97437233288633,48.09141917282599,102001,4777.0,4193.0,5150.5,,,,,,,,,,,,,,"http://geadata.esac.esa.int/data-server/datalink/links?ID=512167948036531072",,"HIP8362",26.936666666666664,63.8525,2000,5.63,"K0V    ",9.97,0.58,-0.25,"HIP8362",0.0026865997795103556
1635721458409799680,"Gaia DR2 466294295704714624",466294295704714624,15628535,2015.5,46.034773898586906,3.7907498631604803,61.705399660670345,3.0482693146866002,,,,,,,,-0.2815067,,,,,,,,,,52,0,52,0,1.8912851,66.97692,4.921306939268605,0.9160276405371148,3,false,0.006326306,,,-0.17488259,7,7,10.559201,0,7,false,53,70.96650932118077,1.806456014911707,39.284935,21.060732,0,,,,,0,,,,,,0,,,,,,0,,,,"NOT_AVAILABLE",137.98306727058352,2.774636922352492,63.61283636602256,42.23348182643785,,,,,,,,,,,,,,,,,,"http://geadata.esac.esa.int/data-server/datalink/links?ID=466294295704714624",,"HIP14286",46.04,61.70583333333334,2000,6.64,"G4V    ",22.8,0.72,-0.69,"HIP14286",0.0025148563675961777
1635721458409799680,"Gaia DR2 466294295703337856",466294295703337856,1249576792,2015.5,46.0419576823985,0.05910049991572891,61.70677336829355,0.05224040287431837,0.6982193340773525,0.07550380331372863,9.247473,2.8271683242896395,0.09662423264512034,-4.238262426393067,0.12020069950249204,-0.01014297,0.12548414,-0.5839816,0.14486392,-0.059401363,0.14498697,-0.084596224,-0.07122874,0.070769176,0.12186397,325,0,325,0,4.707903,453.64703,0.3152728652740848,4.258003701528715,31,false,2.6570683,1.4070336759063036,0.013526626325350606,-0.074823394,37,16,0.111888774,0,39,false,299,3505.3168901232684,3.294049574557646,1064.136,16.826548,31,1345.462731253588,32.46401277219493,41.444744,17.52921,30,3801.0710663045706,38.537214671539665,98.63378,15.812155,1.4682078,0,1.7170544,0.7026615,1.0143929,,,0,,,,"NOT_AVAILABLE",137.98537294211386,2.7774966354574477,63.61779540049215,42.23348654962349,102001,4309.5,4090.5,4512.6323,,,,,,,200111,1.1300251,1.0305806,1.2542644,0.39680624,0.30680984,0.48680264,"http://geadata.esac.esa.int/data-server/datalink/links?ID=466294295703337856",,"HIP14286",46.04,61.70583333333334,2000,6.64,"G4V    ",22.8,0.72,-0.69,"HIP14286",0.0013208745641507087
1635721458409799680,"Gaia DR2 466294295706341248",466294295706341248,492304217,2015.5,46.04491274731515,0.1410107121635127,61.70462149739062,0.1490698204002343,1.2971847056393422,0.18250936212318136,7.1074967,3.025049629386496,0.22088813062378757,-1.4296622126660798,0.3217734174671685,-0.36863178,0.030629637,-0.74626356,0.29700363,-0.36826897,0.28904003,-0.39388713,0.081476614,0.34371293,-0.23539026,168,0,164,4,33.887012,1848.7042,0.8508980655592048,60.07663332025291,31,false,1.1655774,1.3885976395410393,0.0326646109372639,-0.100834064,19,12,0.31103304,0,19,false,148,8629.036346457193,50.57039063267559,170.63417,15.84846,8,6513.636576560984,1352.1208497683688,4.817348,15.81683,8,13784.085560680005,1599.562330657917,8.617411,14.413475,2.3522582,0,1.4033546,-0.031630516,1.4349852,,,0,,,,"NOT_AVAILABLE",137.98764789491233,2.776301121553942,63.61846697371399,42.23096757003658,102001,5095.6333,4284.4497,6938.0,,,,,,,,,,,,,,"http://geadata.esac.esa.int/data-server/datalink/links?ID=466294295706341248",,"HIP14286",46.04,61.70583333333334,2000,6.64,"G4V    ",22.8,0.72,-0.69,"HIP14286",0.0026251287929292557
1635721458409799680,"Gaia DR2 466294295706341120",466294295706341120,652146264,2015.5,46.04124850325399,1.2271018709947263,61.70527416486102,1.6912831813539801,,,,,,,,-0.18472813,,,,,,,,,,124,0,123,1,28.499605,1317.2037,6.156236733945943,50.396379002287546,3,false,0.016891642,,,0.03377349,14,9,3.013596,0,16,false,127,207.24851582326338,3.885211054036426,53.342922,19.897137,10,414.5204615123718,37.79072461117381,10.968842,18.807524,12,613.3349751716617,45.52819639489397,13.471541,17.792675,4.959531,0,1.0148487,-1.089613,2.1044617,,,0,,,,"NOT_AVAILABLE",137.9858110981045,2.7760238570716713,63.61661907886616,42.232220842159506,,,,,,,,,,,,,,,,,,"http://geadata.esac.esa.int/data-server/datalink/links?ID=466294295706341120",,"HIP14286",46.04,61.70583333333334,2000,6.64,"G4V    ",22.8,0.72,-0.69,"HIP14286",8.141803573622007E-4
1635721458409799680,"Gaia DR2 567659818855055488",567659818855055488,452267150,2015.5,50.35088814351196,0.03277112818632558,79.96850441975054,0.03034232678005374,71.75752761712366,0.039990985672514294,1794.3425,410.31474158418894,0.05903596925331719,287.7799312635001,0.06539957694096242,-0.09214252,0.2598995,-0.22055973,0.15963264,-0.027524292,0.07093649,-0.24598813,0.15759832,0.3340135,-0.1171689,237,237,230,7,20.593838,1003.787,0.13941820508445105,9.470976014843515,31,true,38.56366,1.38163801501827,0.008555073272100243,0.17192633,27,18,0.044176713,0,33,false,280,1517091.394327784,747.81449983432,2028.7002,10.235836,33,359826.90136670735,514.7643057561746,699.01294,11.461154,33,1718753.203993694,1543.7441654140196,1113.3666,9.173886,1.3701087,0,2.2872677,1.225318,1.0619497,-13.520942983261648,0.29262465722339254,9,4000.0,3.0,-1.5,"NOT_AVAILABLE",129.37095715001826,19.02664084652793,77.81542660070136,58.22318993414724,100001,3800.0203,3730.0,4018.0825,0.3013,0.1663,0.422,0.176,0.0997,0.213,,,,,,,,"http://geadata.esac.esa.int/data-server/datalink/links?ID=567659818855055488",,"HIP15638",50.34083333333333,79.96722222222222,2000,11.2,"M2:    ",13.7,0.41,0.28,"HIP15638",0.0021707070182870156
1635721458409799680,"Gaia DR2 3294766002282151040",3294766002282151040,1078929621,2015.5,72.00660951446625,4.116365596214414,10.933192185036004,2.2671235440126294,,,,,,,,-0.68080145,,,,,,,,,,99,0,97,2,1.4106652,111.73191,0.0,2.095276217842427E-15,3,false,0.012406052,,,-0.07163845,13,9,7.7343726,0,13,false,100,71.73480742674303,1.2787974448623283,56.09552,21.049042,0,,,,,0,,,,,,0,,,,,,0,,,,"NOT_AVAILABLE",187.63415391813982,-21.20150231502159,71.97749417794164,-11.387419463071346,,,,,,,,,,,,,,,,,,"http://geadata.esac.esa.int/data-server/datalink/links?ID=3294766002282151040",,"HIP22288",72.00458333333331,10.93361111111111,2000,9.53,"K7V    ",26.1,0.08,-0.11,"HIP22288",0.0020330325723557203
1635721458409799680,"Gaia DR2 2891185070986964608",2891185070986964608,1280596061,2015.5,90.07830015483492,0.42813049679663573,-31.028973753428573,0.4785088915804834,53.966087421750444,0.4172199721275974,129.34685,-444.88095818571986,1.055272239273437,365.5109731063337,1.0028528370256589,0.41880018,0.018280573,0.69269234,0.30592194,0.35156947,0.39083523,0.57235247,0.09909019,0.17251521,0.16694818,132,132,130,2,57.092766,4936.727,1.4191411892640715,187.90114965994084,31,true,0.46531215,1.7208454082168492,0.1100868615455543,-0.08495641,16,10,0.59876037,0,28,true,165,8902554.75433576,45755.5898686943,194.56758,8.314579,20,4052383.998601996,27389.00566704846,147.95659,8.832111,19,9569921.073178656,87776.2193115824,109.02635,7.309649,1.5301569,0,1.5224624,0.51753235,1.00493,,,0,,,,"NOT_AVAILABLE",236.94654064017334,-23.813656864697357,90.11547559264612,-54.46822319431496,102001,4470.0,4174.0,4915.25,,,,,,,200111,0.6604162,0.5461872,0.75740445,0.15687732,0.15530029,0.15845436,"http://geadata.esac.esa.int/data-server/datalink/links?ID=2891185070986964608",,"HIP28442",90.08125,-31.02861111111111,2000,7.85,"K3/K4V ",14.9,-0.38,1.02,"HIP28442",0.002553627707628214
1635721458409799680,"Gaia DR2 2891185070988385152",2891185070988385152,11393049,2015.5,90.07833652039108,0.10951837800450612,-31.028175369055386,0.14249273487216224,54.817925161886826,0.07646686162781283,716.8847,-477.08776411550497,0.25308131339211376,429.9086229426033,0.260072306625356,0.24657388,-0.101132065,-0.83665824,-0.25861093,0.23214538,-0.20157231,-0.90299684,0.14988926,-0.16540575,0.27971804,145,145,140,5,18.955812,745.35016,0.1993348097943929,8.966986744227574,31,true,15.51709,1.506314791343392,0.01705166305701202,-0.005025445,17,11,0.17916061,0,19,true,142,9550490.960192136,4498.4182110523025,2123.0776,8.238301,11,3899481.062542936,7139.587238874715,546.17737,8.873871,14,8142726.225284211,34181.59573393256,238.2196,7.4849954,1.2608993,0,1.3888755,0.6355696,0.7533059,,,0,,,,"NOT_AVAILABLE",236.94572349331935,-23.813374880818127,90.11552792745735,-54.46742478113079,100001,4665.9004,4467.0,4871.0,0.143,0.0553,0.322,0.0617,0.0309,0.1477,200111,0.5959956,0.54686195,0.6502526,0.15167803,0.15140341,0.15195264,"http://geadata.esac.esa.int/data-server/datalink/links?ID=2891185070988385152",,"HIP28442",90.08125,-31.02861111111111,2000,7.85,"K3/K4V ",14.9,-0.38,1.02,"HIP28442",0.002534336287804908
1635721458409799680,"Gaia DR2 892348694913021056",892348694913021056,1547142431,2015.5,113.64981933326162,0.7480223377208821,31.888512354787075,0.6901778870279551,,,,,,,,-0.008617314,,,,,,,,,,67,67,63,4,166.62582,83911.48,4.588602601107986,4964.165269213908,3,false,0.045250442,,,-0.16759056,10,8,1.9231572,0,15,false,108,7248608.870440693,1618291.479511545,4.4791737,8.537729,11,1.705227319525034E7,7357922.679155668,2.317539,7.2719326,11,5032472.119958382,2183789.475788791,2.3044677,8.007466,3.0467563,0,-0.7355337,-1.2657967,0.53026295,,,0,,,,"NOT_AVAILABLE",187.44085917425028,22.47961915409934,110.24047739249833,10.096039985721548,132011,6804.0,6038.6665,8345.0,,,,,,,,,,,,,,"http://geadata.esac.esa.int/data-server/datalink/links?ID=892348694913021056",,"HIP36850",113.64958333333331,31.888055555555557,2000,1.58,"A2Vm   ",15.8,-0.21,-0.15,"HIP36850",4.988173877079254E-4
1635721458409799680,"Gaia DR2 1139252071109797760",1139252071109797760,657960747,2015.5,119.05966234940875,0.02053808993870882,80.26592712266121,0.025316114809429156,58.30876889741333,0.024414417925653308,2388.2925,-476.0167784475707,0.042950455311185194,89.17891627510232,0.05160604986199141,0.076666415,-0.060418766,-0.4733363,0.047355033,-0.1527859,0.015887067,-0.32425007,0.2363341,0.03473754,0.1099511,229,229,218,11,9.080506,459.65005,0.0,0.0,31,true,252.77863,1.6081411565679549,0.0058518999641120565,0.08744548,26,18,0.040269982,0,39,false,293,5.385652908876458E7,10321.528109557245,5217.8833,6.36027,28,2.7446881321840744E7,39712.566051705326,691.1384,6.7551556,30,3.665860932999558E7,159003.24194698443,230.5526,5.85148,1.1903012,0,0.90367556,0.39488554,0.50879,-7.92040074591808,0.15169692136552218,13,5500.0,4.5,0.0,"NOT_AVAILABLE",133.67602516343788,29.432688929779356,98.84659983697762,57.72396261074522,100001,5560.0,5511.0,5607.0,0.019,0.008,0.0783,0.008,0.0034,0.0585,200111,0.85945284,0.84510475,0.87480414,0.635972,0.63549685,0.6364472,"http://geadata.esac.esa.int/data-server/datalink/links?ID=1139252071109797760",,"HIP38784",119.07166666666666,80.26527777777778,2000,6.55,"G8V    ",17.0,-0.48,0.09,"HIP38784",0.0021310430589084354
1635721458409799680,"Gaia DR2 5299439719962945920",5299439719962945920,949393752,2015.5,140.41083223327894,1.6246540864541643,-60.28128318014886,3.7843996880955477,,,,,,,,0.82142323,,,,,,,,,,101,0,101,0,-0.8778613,83.73246,0.0,0.0,3,false,0.022120653,,,0.002696436,12,9,12.2308,0,12,false,103,90.50594173313279,1.2565797734568296,72.02563,20.796673,7,65.49238238303711,11.543491587940606,5.673533,20.810911,10,111.35825886628936,13.74021019125345,8.104553,19.645113,1.9540224,0,1.1657982,0.014238358,1.1515598,,,0,,,,"NOT_AVAILABLE",279.5884562412821,-7.302388638187136,188.28061018076573,-67.29039151574983,,,,,,,,,,,,,,,,,,"http://geadata.esac.esa.int/data-server/datalink/links?ID=5299439719962945920",,"HIP45908",140.40666666666664,-60.28194444444444,2000,9.49,"M0V    ",10.4,-0.84,0.18,"HIP45908",0.0021683190289341946
1635721458409799680,"Gaia DR2 5299439719967309440",5299439719967309440,1631190411,2015.5,140.40762128606704,0.3820218070800952,-60.28030007861682,0.39561047199589283,0.4160299152215372,0.43876070699324865,0.9481932,-12.079417158466958,0.9968589778917476,3.2565881852048557,1.0931098282764526,0.037413,-0.29515916,0.09694199,0.21633549,0.1491487,0.15615734,-0.068473,-0.20984262,-0.12811327,-0.027891401,181,0,181,0,2.151435,218.75732,1.2511170435229733,1.4555478229026588,31,false,0.08143019,1.410162305900971,0.12824875092672913,-0.2810454,21,12,0.9655394,0,28,true,242,240.62722532082677,1.4095371697563595,170.71364,19.735004,21,105.53989086379566,5.97081103599251,17.675972,20.292847,21,271.7047507377825,9.802487566081288,27.71794,18.676678,1.5677555,0,1.616169,0.55784225,1.0583267,,,0,,,,"NOT_AVAILABLE",279.5866232633792,-7.302830086491758,188.2760816412637,-67.2910578211262,,,,,,,,,,,,,,,,,,"http://geadata.esac.esa.int/data-server/datalink/links?ID=5299439719967309440",,"HIP45908",140.40666666666664,-60.28194444444444,2000,9.49,"M0V    ",10.4,-0.84,0.18,"HIP45908",0.001711111423274043
1635721458409799680,"Gaia DR2 1072844970405231104",1072844970405231104,150232559,2015.5,164.40093129790313,0.02025753463773696,69.59686716127779,0.019455796149602404,42.61093252637578,0.022508249340314316,1893.1251,-630.1843165321028,0.03957189888993829,58.1320634710136,0.038299411303566525,0.36666384,-0.27124482,-0.1874858,-0.10423956,-0.09375666,-0.17987007,-0.43106386,-0.024102328,-0.28292152,0.3127198,289,289,285,4,7.9425316,512.1495,0.0,0.0,31,true,241.61029,1.42793970379837,0.0050656939457633795,0.083043665,33,17,0.035824265,0,35,false,301,2743785.78159088,1018.0728672623068,2695.078,9.59249,32,881850.6244389863,1634.4854252114535,539.52795,10.487901,30,2683219.580750169,3061.186560765372,876.52924,8.690279,1.2993252,1,1.7976217,0.89541054,0.9022112,-2.0734779787472535,0.3076756145685322,8,4000.0,3.0,0.0,"NOT_AVAILABLE",136.3864569185817,44.43942662871045,126.197410322116,55.34913391695289,100002,4070.805,3985.255,4223.2354,0.4603,0.1774,0.9308,0.2063,0.0869,0.459,200111,0.6206561,0.5766616,0.6475889,0.095305495,0.09520925,0.09540174,"http://geadata.esac.esa.int/data-server/datalink/links?ID=1072844970405231104",,"HIP53580",164.40874999999997,69.59638888888888,2000,10.2,"M0     ",23.0,-0.63,0.06,"HIP53580",0.0027674531706686303
1635721458409799680,"Gaia DR2 778949016992913664",778949016992913664,1149965040,2015.5,166.36892551297916,1.0864038230452515,43.52366613239906,0.856447152693517,-5.5592151437532396,2.469971510256911,-2.2507203,-3.6516636365970636,2.2695639525256652,4.442611692180604,2.3135858579056503,0.027959224,-0.7009583,-0.64483386,0.5405555,-0.27733344,-0.31274182,0.24842723,0.8590891,-0.85233504,-0.7887822,99,0,99,0,1.1336957,109.67651,1.8449049426067008,1.03349472511364,31,false,0.035584338,2.14912585044439,0.3542465350564857,-0.056880884,12,9,3.234481,0,14,false,116,110.2887751505888,2.326487098331855,47.405712,20.582037,11,85.78271819735122,7.6517603176561275,11.210848,20.517889,12,82.25820302922787,10.235853624407605,8.036282,19.973972,1.5236448,0,0.5439167,-0.06414795,0.60806465,,,0,,,,"NOT_AVAILABLE",168.50882806498504,63.07283362154292,148.56560403928296,34.32283574857866,,,,,,,,,,,,,,,,,,"http://geadata.esac.esa.int/data-server/datalink/links?ID=778949016992913664",,"GJ412A",166.36916666666664,43.52638888888889,2000,8.77,"M1.0V  ",4.86,-4.41,0.95,"GJ412A",0.0027283652406089247
1635721458409799680,"Gaia DR2 3558078971047964800",3558078971047964800,498918797,2015.5,168.83706942024506,0.029993342456756847,-18.146900604417258,0.022270488693217048,43.58949028946906,0.04052725000971252,1075.56,143.89588156924742,0.06883824215888873,-734.2289920759339,0.04488133194688903,-0.35532188,-0.33627892,-0.20765854,0.15547182,0.0625753,0.16097516,-0.081991136,0.058790553,-0.21644391,0.033991564,234,234,232,2,5.5854254,367.10046,0.0,0.0,31,true,247.54231,1.4514163156739213,0.005407228282445956,-0.028484285,28,11,0.044351116,0,34,false,288,3418506.8405928463,977.3917069087341,3497.5813,9.353775,32,1157824.7097702185,1152.7081456308583,1004.4387,10.192281,31,3230876.674363415,2938.3946610810335,1099.5381,8.488619,1.2838066,0,1.7036619,0.83850574,0.8651562,7.489603893290376,0.25145792005807344,9,4000.0,3.0,0.0,"NOT_AVAILABLE",273.03998952990634,39.083469340347136,177.2427026727792,-21.034673559848663,100001,4265.885,4048.44,4580.0,0.2937,0.0172,0.6481,0.1433,0.0039,0.2694,200111,0.5832657,0.50600374,0.6476037,0.10149955,0.10135909,0.10164001,"http://geadata.esac.esa.int/data-server/datalink/links?ID=3558078971047964800",,"HIP54966",168.8370833333333,-18.145,2000,9.97,"K7V    ",20.6,0.32,-0.71,"HIP54966",0.001900650401679516
1635721458409799680,"Gaia DR2 5856411800458870784",5856411800458870784,1301280666,2015.5,188.38557205989108,0.46022306623144954,-68.75722709823496,0.6944064994007687,0.10271112295491636,0.7168848869297513,0.14327422,-4.845892014128537,0.9486894583206932,0.8736140533322575,1.6402209011799205,-0.18294957,-0.12193484,-0.32573718,-0.107705414,0.33052588,-0.016896078,0.3846501,-0.24524927,-0.3697875,0.22298346,140,8,138,2,3.324905,194.07251,1.0505578270439528,0.9317667366498419,31,false,0.0732139,1.5330296069820568,0.14984321584396412,0.1110063,16,11,1.4295676,0,20,false,156,229.45977104191837,2.4741623613650754,92.74241,19.7866,9,225.5976466580807,22.800710050689055,9.894325,19.468052,8,313.2743311898705,27.739535146862135,11.293424,18.522108,2.3484378,0,0.94594383,-0.3185482,1.264492,,,0,,,,"NOT_AVAILABLE",301.3036114938783,-5.94207434786055,229.4690086641326,-56.524783194034576,,,,,,,,,,,,,,,,,,"http://geadata.esac.esa.int/data-server/datalink/links?ID=5856411800458870784",,"HIP61291",188.3808333333333,-68.75555555555556,2000,7.13,"K0V    ",16.1,-0.55,-0.31,"HIP61291",0.0023962785899261886
1635721458409799680,"Gaia DR2 5856411869182912384",5856411869182912384,228538972,2015.5,188.38745440201026,1.9096769929333135,-68.7561425365937,1.0588143024017636,1.1669355661999967,1.2289705523532775,0.9495228,-8.919748576657456,3.856150769383667,2.473016329306691,1.9429799906542617,0.032324392,0.009275932,-0.74511147,-0.0965,0.12531163,-0.080240384,-0.5547214,-0.17670631,0.029997924,0.13449429,143,0,137,6,7.028086,281.1823,5.587429987040969,8.028410950211757,31,false,0.014364285,,,0.025399113,16,14,3.7139611,0,19,false,153,122.46649088573899,3.0126038737764818,40.651375,20.468323,9,121.62921025150062,23.37687881857212,5.2029705,20.138794,9,295.527022963983,55.26672913238879,5.347286,18.585426,3.4062889,0,1.5533676,-0.3295288,1.8828964,,,0,,,,"NOT_AVAILABLE",301.3042194397649,-5.940944835680524,229.4684722774683,-56.52353663845482,,,,,,,,,,,,,,,,,,"http://geadata.esac.esa.int/data-server/datalink/links?ID=5856411869182912384",,"HIP61291",188.3808333333333,-68.75555555555556,2000,7.13,"K0V    ",16.1,-0.55,-0.31,"HIP61291",0.0024698611265246114
1635721458409799680,"Gaia DR2 5856411869205582848",5856411869205582848,336077876,2015.5,188.3813904297287,1.6353598638680316,-68.7551955929053,1.007372717914475,-1.3244233544218942,1.5172130854736192,-0.87293166,-5.459350884116297,3.111981080579922,1.6807967790294402,1.7783870794820231,0.07676302,-0.35445523,-0.16970012,-0.02565165,-0.29139817,0.21567778,-0.5325212,-0.22480151,0.42669997,-0.02828969,77,0,76,1,5.827371,164.37073,4.300973556585614,6.555283057112619,31,false,0.025846539,1.6876668914565074,0.267626453490387,0.008766551,9,7,2.767292,0,9,false,77,187.21520685862444,2.959095237109949,63.26772,20.007513,0,,,,,0,,,,,,0,,,,,,0,,,,"NOT_AVAILABLE",301.3019492428542,-5.940153606965595,229.46445616577353,-56.524440713393574,,,,,,,,,,,,,,,,,,"http://geadata.esac.esa.int/data-server/datalink/links?ID=5856411869205582848",,"HIP61291",188.3808333333333,-68.75555555555556,2000,7.13,"K0V    ",16.1,-0.55,-0.31,"HIP61291",4.1270118591100487E-4
1635721458409799680,"Gaia DR2 5856411869182912896",5856411869182912896,1376114220,2015.5,188.37789899505955,0.5279484339204543,-68.75432809094822,0.37883488509480073,-0.324940648769327,0.5046813283693244,-0.6438531,-4.692171107795233,1.2148856933107732,-2.206757463571247,0.8362676576514549,-0.09674194,0.07699909,-0.4363316,-0.016218565,-0.052044317,-0.02708809,-0.029402196,-0.17929786,0.17798474,-0.12940522,199,0,195,4,5.1335196,307.74716,2.1099305140693776,4.882337908673737,31,false,0.05954768,1.5423513548907144,0.10882296020400326,0.1041753,23,15,1.103967,0,26,false,204,246.56183042239203,1.9710192495123233,125.09357,19.708551,20,402.2328439836561,35.357626215440405,11.376127,18.840195,21,473.5152409129897,32.79797227926396,14.437333,18.073586,3.5518396,0,0.7666092,-0.8683567,1.6349659,,,0,,,,"NOT_AVAILABLE",301.30061940849055,-5.939376649049055,229.4617268768637,-56.52473550109376,,,,,,,,,,,,,,,,,,"http://geadata.esac.esa.int/data-server/datalink/links?ID=5856411869182912896",,"HIP61291",188.3808333333333,-68.75555555555556,2000,7.13,"K0V    ",16.1,-0.55,-0.31,"HIP61291",0.0016239561427149735
1635721458409799680,"Gaia DR2 5856411869182876544",5856411869182876544,102690260,2015.5,188.38386597485442,1.4530517191632284,-68.75620460176908,1.2526107061969873,,,,,,,,0.03519153,,,,,,,,,,87,0,87,0,17.355679,563.1403,4.897670674981911,25.539718081866795,3,false,0.02914446,,,0.33593535,10,6,3.786648,0,16,true,114,289.5706136483236,5.407108239203556,53.55369,19.53398,11,406.0410817408815,48.571056516564134,8.359734,18.829964,11,577.7070714149053,76.07213141992507,7.594201,17.85765,3.3972652,0,0.9723129,-0.70401573,1.6763287,,,0,,,,"NOT_AVAILABLE",301.30291973984777,-5.941097501260713,229.46690079914063,-56.52450775863743,,,,,,,,,,,,,,,,,,"http://geadata.esac.esa.int/data-server/datalink/links?ID=5856411869182876544",,"HIP61291",188.3808333333333,-68.75555555555556,2000,7.13,"K0V    ",16.1,-0.55,-0.31,"HIP61291",0.001276221904958718
1635721458409799680,"Gaia DR2 5856411869205584512",5856411869205584512,1416235059,2015.5,188.38282199358514,0.3126484164678889,-68.75354679572864,0.320080586534051,0.32667144775007817,0.35577953097509857,0.91818506,-5.795100270647345,0.6768905460782842,-0.41080072093555464,0.5537410351716097,-0.061933775,-0.23357582,-0.022423107,-0.046404418,0.18379991,-0.18203108,-0.5344375,-0.18338601,0.068435885,0.18926592,189,0,188,1,-0.6330308,170.5178,0.0,0.0,31,false,0.13648403,1.5892661462100348,0.09113702685452625,0.11500107,22,14,0.62562484,0,28,false,216,295.95394078004693,1.656169514662354,178.69786,19.510305,0,,,,,0,,,,,,2,,,,,,0,,,,"NOT_AVAILABLE",301.30235372619205,-5.938472601276035,229.46298257799947,-56.522915275991494,,,,,,,,,,,,,,,,,,"http://geadata.esac.esa.int/data-server/datalink/links?ID=5856411869205584512",,"HIP61291",188.3808333333333,-68.75555555555556,2000,7.13,"K0V    ",16.1,-0.55,-0.31,"HIP61291",0.0021341058152226206
1635721458409799680,"Gaia DR2 5856411869176239488",5856411869176239488,934974902,2015.5,188.3829334054697,0.16124693985591934,-68.7530661315524,0.12958148686101312,0.6221274664657199,0.1733817129576886,3.5881953,-7.587463256936496,0.30037108595269557,-1.340402507126395,0.23884039417250075,0.061701562,-0.15527813,-0.33297402,-0.17610231,0.19738035,-0.1326147,-0.14496616,0.049587123,0.1644603,0.16950835,265,0,265,0,0.41992414,269.01123,0.0,1.2463744089175028E-15,31,false,0.41490534,1.5589861068771433,0.04063045092303957,0.0893273,31,18,0.28125343,0,35,false,298,644.921273576683,1.8046044482239159,357.37543,18.664598,25,410.7570503927878,13.75266609259268,29.867449,18.817425,26,684.9366488156021,27.122418163277345,25.253525,17.672794,1.6989573,0,1.1446304,0.15282631,0.9918041,,,0,,,,"NOT_AVAILABLE",301.3023604680647,-5.93799029106801,229.46241219955434,-56.52254965364538,,,,,,,,,,,,,,,,,,"http://geadata.esac.esa.int/data-server/datalink/links?ID=5856411869176239488",,"HIP61291",188.3808333333333,-68.75555555555556,2000,7.13,"K0V    ",16.1,-0.55,-0.31,"HIP61291",0.002603142519860346
1635721458409799680,"Gaia DR2 5856411869205584384",5856411869205584384,358239973,2015.5,188.38599339344427,0.40595739815003185,-68.75432394639915,0.37054892564068376,1.1716903232261642,0.4781665557451745,2.4503813,-5.956391427730545,1.0260275061242026,0.3601998624591022,0.646687373685886,-0.112973444,-0.19016375,0.12922968,-0.23072553,0.4730815,-0.34677207,0.15351593,-0.2588331,0.10996602,0.03178615,200,0,199,1,0.9728473,213.09026,0.0,0.0,31,false,0.08548073,1.494079539467377,0.09889954607594774,0.09613494,23,14,0.9183323,0,24,false,199,230.6868658650806,1.5167111128372004,152.09677,19.78081,20,225.14759794031866,20.29635174578509,11.093008,19.47022,23,342.9345083956187,34.44943659392589,9.9547205,18.423891,2.462568,0,1.0463295,-0.31058884,1.3569183,,,0,,,,"NOT_AVAILABLE",301.30356089157544,-5.939167620344844,229.46544764629104,-56.522639971017966,,,,,,,,,,,,,,,,,,"http://geadata.esac.esa.int/data-server/datalink/links?ID=5856411869205584384",,"HIP61291",188.3808333333333,-68.75555555555556,2000,7.13,"K0V    ",16.1,-0.55,-0.31,"HIP61291",0.002238965418655837
1635721458409799680,"Gaia DR2 5788524688376443520",5788524688376443520,350373323,2015.5,189.96437718385826,0.3476546825836201,-77.843360163043,0.3490883262898147,1.9231414744558173,0.38690978164869944,4.9705167,-11.121934651445683,0.9630593218132218,-1.7264254343717225,0.611252181335838,-0.2649039,-0.1487542,-0.32665968,0.26493925,-0.1377965,0.46259066,-0.2581894,-0.23364514,0.31798622,-0.31837136,184,0,184,0,-1.4047679,153.1129,0.0,0.0,31,false,0.117122,1.2689078419516957,0.0902673730572923,-0.07661001,21,14,0.9017721,0,24,false,201,254.0417218654264,1.1551083717238235,219.92891,19.676104,17,89.96803574810383,11.050196826442992,8.141759,20.466167,19,406.5071029948231,10.54161138403493,38.56214,18.23925,1.9543055,0,2.2269173,0.79006386,1.4368534,,,0,,,,"NOT_AVAILABLE",302.30104564733074,-14.985797722088082,243.841903711795,-61.93489550993072,,,,,,,,,,,,,,,,,,"http://geadata.esac.esa.int/data-server/datalink/links?ID=5788524688376443520",,"HIP61792",189.96291666666664,-77.84305555555555,2000,9.05,"K5V    ",26.8,-0.85,0.36,"HIP61792",4.32877704833441E-4
1635721458409799680,"Gaia DR2 5788524688378396800",5788524688378396800,1095193420,2015.5,189.96078314650373,3.9543984673452024,-77.84551824013272,3.0950340751494663,,,,,,,,-0.30054253,,,,,,,,,,41,0,40,1,0.35588107,37.36208,0.0,0.076022316593606,3,false,0.01159722,,,-0.3744915,5,5,43.400215,0,5,false,40,70.71112655758489,1.6649281141999062,42.470978,21.064646,0,,,,,0,,,,,,2,,,,,,0,,,,"NOT_AVAILABLE",302.30036708887206,-14.987988696485411,243.84483310972834,-61.93672052440321,,,,,,,,,,,,,,,,,,"http://geadata.esac.esa.int/data-server/datalink/links?ID=5788524688378396800",,"HIP61792",189.96291666666664,-77.84305555555555,2000,9.05,"K5V    ",26.8,-0.85,0.36,"HIP61792",0.0025033266315645105
1635721458409799680,"Gaia DR2 1576683529448755328",1576683529448755328,248909078,2015.5,193.50815172768654,1.1881629269557206,55.95978703996956,1.0464119119413204,41.215497938478684,1.838997670112501,22.411936,97.85717999768045,1.959081161492879,-2.395722021144998,1.8539078403480107,-0.09903319,0.029671406,0.21235508,-0.10099194,0.28467318,-0.22271164,-0.06928539,-0.46621463,-0.5666557,0.2189172,99,99,98,1,196.07669,110210.67,4.4970182766976885,3517.559418618556,31,false,0.044613007,2.5988374460650445,0.375964083144325,-0.11361695,13,9,1.170186,0,19,false,161,8.042816351246247E7,9234867.696168864,8.709184,5.924845,0,,,,,0,,,,,,0,,,,,,0,,,,"NOT_AVAILABLE",122.17903335436792,61.16466977190457,158.93415821792263,54.31909638894301,,,,,,,,,,,,,,,,,,"http://geadata.esac.esa.int/data-server/datalink/links?ID=1576683529448755328",,"HIP62956",193.50708333333333,55.959722222222226,2000,1.76,"A0p    ",24.8,0.11,-0.01,"HIP62956",6.015627650124112E-4
1635721458409799680,"Gaia DR2 1576589693004879616",1576589693004879616,210777643,2015.5,193.50796106870266,3.8843201036848414,55.95962399831494,4.529688058241361,,,,,,,,-0.051997136,,,,,,,,,,43,43,37,6,146.51224,73639.266,15.983159093922653,6202.323378374473,3,false,0.003914444,,,0.06094601,5,4,11.155044,0,22,false,161,3354137.4401886845,387787.2799846127,8.649426,9.3744135,0,,,,,0,,,,,,0,,,,,,0,,,,"NOT_AVAILABLE",122.1792475341489,61.164835007315055,158.9342066130699,54.31890357740843,,,,,,,,,,,,,,,,,,"http://geadata.esac.esa.int/data-server/datalink/links?ID=1576589693004879616",,"HIP62956",193.50708333333333,55.959722222222226,2000,1.76,"A0p    ",24.8,0.11,-0.01,"HIP62956",5.010573257930492E-4
1635721458409799680,"Gaia DR2 5902750202625304064",5902750202625304064,1052446587,2015.5,230.45355978268762,0.16703815032935534,-48.31805680858664,0.16062835704266812,0.04644707550375965,0.25216881330492635,0.1841904,-7.23438004278572,0.5065870481672748,-5.961136947294504,0.42347168377425515,-0.23666382,0.17296652,-0.15107886,0.05932217,0.16895829,0.1606419,0.19632764,-0.1028443,0.34536082,0.32962447,179,0,179,0,1.3144807,198.96138,0.250137818239761,0.27350334097565504,31,false,0.4827265,1.6196841881480926,0.04184295038298269,0.08598756,21,10,0.48250416,0,22,false,186,745.870283769788,2.026049717112906,368.14017,18.506708,17,481.3631465635346,26.61157928690814,18.088486,18.645206,15,655.3458067363396,14.486115523146951,45.239582,17.720743,1.5240035,0,0.9244633,0.1384983,0.78596497,,,0,,,,"NOT_AVAILABLE",327.07865155511564,7.3767784370912475,241.1174612824245,-28.766811125101416,,,,,,,,,,,,,,,,,,"http://geadata.esac.esa.int/data-server/datalink/links?ID=5902750202625304064",,"HIP75181",230.45041666666663,-48.3175,2000,5.65,"G2V    ",14.5,-1.62,-0.28,"HIP75181",0.0021630621020285725
1635721458409799680,"Gaia DR2 5902750202625303808",5902750202625303808,259770544,2015.5,230.45258695260898,0.875345384096736,-48.31670257218492,0.6788519954447829,-0.8137236887728235,0.8471498853744692,-0.96054274,-3.329796028333406,2.269189880163161,-4.060525861869099,2.0616427308658616,-0.69114226,0.44764227,-0.51141196,0.73001564,-0.4006508,0.63561875,-0.629303,-0.5280132,0.45855188,-0.3679681,112,0,111,1,0.56510925,113.742676,0.886828292955457,0.5790818303292138,31,false,0.08477362,1.497412418327989,0.12289807760681637,0.044485874,13,8,2.412986,0,13,false,110,210.05760869610936,2.272573109612019,92.43162,19.882519,12,248.64076502760588,22.35433319023492,11.12271,19.362457,13,292.34018265150837,14.664859389865752,19.934742,18.597198,2.5753932,0,0.7652588,-0.5200615,1.2853203,,,0,,,,"NOT_AVAILABLE",327.0788532659599,7.378265873033616,241.11630838646298,-28.765701560034877,,,,,,,,,,,,,,,,,,"http://geadata.esac.esa.int/data-server/datalink/links?ID=5902750202625303808",,"HIP75181",230.45041666666663,-48.3175,2000,5.65,"G2V    ",14.5,-1.62,-0.28,"HIP75181",0.0016489026869201133
1635721458409799680,"Gaia DR2 1222646935698491776",1222646935698491776,1245356959,2015.5,233.67252445368993,0.6132000012900715,26.714309793284432,0.7309130160609908,,,,,,,,0.21838538,,,,,,,,,,92,92,86,6,215.47462,150122.5,4.650350692205407,6478.7435869467145,3,false,0.042905964,,,0.033774476,11,7,1.675288,0,17,true,141,42332.23332493049,131341.41429431926,0.3223068,14.121688,0,,,,,0,,,,,,0,,,,,,0,,,,"NOT_AVAILABLE",41.86925408743214,53.77176059887474,222.29666477065305,44.32334020971712,,,,,,,,,,,,,,,,,,"http://geadata.esac.esa.int/data-server/datalink/links?ID=1222646935698491776",,"HIP76267",233.6720833333333,26.714444444444442,2000,2.22,"A0V    ",22.9,0.12,-0.09,"HIP76267",4.1640625343677685E-4
1635721458409799680,"Gaia DR2 1222646935701019904",1222646935701019904,1297451436,2015.5,233.67239341549103,9.31157336236462,26.71428047411349,3.3722684512718675,,,,,,,,0.4762293,,,,,,,,,,48,48,41,7,214.28137,204037.45,13.437282986186982,17489.64741188325,3,false,0.0054316972,,,0.3734561,8,5,11.250943,0,20,false,134,1159499.2695810674,69385.07568033521,16.711077,10.52769,0,,,,,0,,,,,,0,,,,,,0,,,,"NOT_AVAILABLE",41.86917023785259,53.771870620876285,222.29652378548576,44.32327397205651,,,,,,,,,,,,,,,,,,"http://geadata.esac.esa.int/data-server/datalink/links?ID=1222646935701019904",,"HIP76267",233.6720833333333,26.714444444444442,2000,2.22,"A0V    ",22.9,0.12,-0.09,"HIP76267",3.2187913996941595E-4
1635721458409799680,"Gaia DR2 1189201058996956032",1189201058996956032,676569809,2015.5,236.85146476816163,1.058108683994269,10.897291047555877,0.7294700473038374,-0.06644626146344113,0.9965611820099486,-0.066675544,1.6914053853385942,2.6099279684922054,-3.9836538888944495,1.8076394630318895,0.3795443,-0.28654358,-0.21064427,-0.035663143,-0.03556708,0.01416117,-0.13227808,0.10984354,0.18416798,0.29729074,121,0,121,0,-0.25786263,111.46607,0.0,0.0,31,false,0.029215006,1.6845982849998002,0.2545931511228136,0.13373135,14,9,2.380859,0,19,false,168,100.55191775365832,1.011838382515735,99.37547,20.68239,18,72.02938836177218,8.186897802979825,8.79813,20.707613,18,71.51600663387694,6.443919800416049,11.098215,20.125912,1.4275749,0,0.5817013,0.025222778,0.5564785,,,0,,,,"NOT_AVAILABLE",20.217382587195008,45.63891146844836,231.66794203864944,30.032075129429355,,,,,,,,,,,,,,,,,,"http://geadata.esac.esa.int/data-server/datalink/links?ID=1189201058996956032",,"HIP77349",236.85249999999996,10.896388888888888,2000,11.2,"K:...  ",15.5,-0.33,-0.36,"HIP77349",0.0013591527214309113
1635721458409799680,"Gaia DR2 5835692225477140352",5835692225477140352,644893177,2015.5,240.88684110934813,0.07053303266738717,-57.77643411277282,0.07962723714977679,0.45598200776318837,0.08249467371965104,5.5274115,-1.7647501519965982,0.11461574578847003,-2.719199369355473,0.16140019296455466,0.4481564,-0.18653111,-0.6179799,-0.42733657,-0.38974246,-0.37679005,-0.4440602,-0.03786514,0.12081508,0.07725875,129,0,128,1,4.556958,208.26234,0.2681621828836499,4.648691618773809,31,false,6.698957,1.5596668896105348,0.012462576666079755,0.05456277,15,10,0.16068833,0,15,false,129,11726.321567257442,65.97769982134885,177.7316,15.515461,14,12748.899981479095,699.5250861166038,18.225079,15.087707,14,14667.194555519281,934.246642127596,15.699489,14.346052,2.3379962,0,0.7416544,-0.4277544,1.1694088,,,0,,,,"NOT_AVAILABLE",326.3453578448608,-3.9206026810299357,251.24224737997787,-36.21797068068443,102011,5095.6333,4259.0,6938.0,,,,,,,,,,,,,,"http://geadata.esac.esa.int/data-server/datalink/links?ID=5835692225477140352",,"HIP78662",240.88375,-57.775,2000,4.63,"A7IV   ",42.9,-0.12,-0.08,"HIP78662",0.0021848410312216484
1635721458409799680,"Gaia DR2 5835113607445488768",5835113607445488768,1371024686,2015.5,243.45454159248686,0.45645200431008565,-57.57026604396897,0.2669477409269047,0.9186309652276398,0.4901500426974436,1.8741832,-3.655367922836601,0.800106648508595,-4.4244948958726855,0.6289085479293868,0.5284015,-0.041496903,-0.61973244,-0.3942495,0.29375777,-0.4298011,-0.4470583,-0.060151648,-0.002968356,0.12701981,346,0,345,1,1.4059868,377.2823,0.0,0.0,31,false,0.1058058,1.4143889821705111,0.0756567314035189,0.007316313,39,13,0.8027646,0,39,false,344,221.27023388260184,0.8409000253669152,263.135,19.826057,28,164.5669622879941,11.45759862116176,14.363129,19.810532,28,286.4978480706236,15.44992008752213,18.543646,18.619116,2.0385246,0,1.1914158,-0.015525818,1.2069416,,,0,,,,"NOT_AVAILABLE",327.4989420192529,-4.698003081092113,252.83484596940502,-35.70232943084246,,,,,,,,,,,,,,,,,,"http://geadata.esac.esa.int/data-server/datalink/links?ID=5835113607445488768",,"HIP79537",243.45249999999996,-57.57027777777778,2000,7.53,"K0V    ",13.7,-0.85,-1.41,"HIP79537",0.0010948970730508653
1635721458409799680,"Gaia DR2 5835113607445491456",5835113607445491456,626660179,2015.5,243.45213691276624,0.6291731536386056,-57.57070756280107,0.3188499340083847,1.1036491169239708,0.6360801308255511,1.7350787,-2.1285824673129983,0.9760471296082058,-10.871280299462295,0.7763038030516074,0.21095517,-0.22008441,-0.6988163,-0.25587532,0.19847244,-0.22762716,-0.46509805,-0.027574887,0.15592691,-3.223251E-4,249,0,246,3,6.760984,421.02563,1.9508433641230145,7.286588420264114,31,false,0.08613537,1.3805547465575112,0.1014325840098433,-0.108982064,28,12,0.9962298,0,38,false,257,287.66880575633945,1.2742013489968247,225.764,19.541134,0,,,,,0,,,,,,2,,,,,,0,,,,"NOT_AVAILABLE",327.49769980395325,-4.697432908163334,252.83341552875504,-35.70304254762047,,,,,,,,,,,,,,,,,,"http://geadata.esac.esa.int/data-server/datalink/links?ID=5835113607445491456",,"HIP79537",243.45249999999996,-57.57027777777778,2000,7.53,"K0V    ",13.7,-0.85,-1.41,"HIP79537",4.7183370245218947E-4
1635721458409799680,"Gaia DR2 5835113607445491328",5835113607445491328,793653157,2015.5,243.45213354664008,2.0534309258125822,-57.57099927638737,1.0618455618925782,-0.2792539043954022,2.6415955232202992,-0.105714105,-2.0603414398397644,3.0243201965366264,-12.029954684468743,3.973584643174045,0.5616776,-0.04362347,-0.38304058,-0.5053512,0.19808765,-0.41145843,-0.30572712,0.2052373,-0.4478551,-0.031308252,148,0,146,2,5.8754287,263.4557,4.881745377325042,4.333220792297071,31,false,0.014614641,1.852325564838596,0.3203226867261049,-0.01481514,17,8,3.7904534,0,17,false,145,90.8970969298882,1.0370709240384801,87.64791,20.79199,0,,,,,0,,,,,,1,,,,,,0,,,,"NOT_AVAILABLE",327.4974965412594,-4.697642816363891,252.83349200707056,-35.70332757942721,,,,,,,,,,,,,,,,,,"http://geadata.esac.esa.int/data-server/datalink/links?ID=5835113607445491328",,"HIP79537",243.45249999999996,-57.57027777777778,2000,7.53,"K0V    ",13.7,-0.85,-1.41,"HIP79537",7.477820668950836E-4
1635721458409799680,"Gaia DR2 5835113607445490688",5835113607445490688,436402762,2015.5,243.45288610556068,0.11107900548800322,-57.57053102848877,0.06405610124636674,0.3438584186868671,0.12457869048538654,2.7601705,-2.1847368642845297,0.20149945816172182,-2.4310315985329987,0.1513732203366321,0.47173554,-0.11307769,-0.57110953,-0.38417557,0.26122853,-0.40084603,-0.41590562,-0.039667007,0.040817585,0.08352618,344,0,344,0,0.6943347,356.71255,0.0,0.0,31,false,1.7255474,1.488651883584069,0.01827667472370267,-0.024354499,39,13,0.1996648,0,39,false,342,1771.361375450025,1.557641246594888,1137.2075,17.567598,37,796.7656879626107,12.948138721324149,61.535152,18.098063,37,1634.6593562070193,15.173477958864057,107.73135,16.728352,1.3726307,0,1.3697109,0.5304642,0.83924675,,,0,,,,"NOT_AVAILABLE",327.49811380796393,-4.697582331071827,252.8338506809183,-35.702782338571225,,,,,,,,,,,,,,,,,,"http://geadata.esac.esa.int/data-server/datalink/links?ID=5835113607445490688",,"HIP79537",243.45249999999996,-57.57027777777778,2000,7.53,"K0V    ",13.7,-0.85,-1.41,"HIP79537",3.2711971869095436E-4
1635721458409799680,"Gaia DR2 5835113607447497984",5835113607447497984,1483320254,2015.5,243.45377501154488,6.692604847246322,-57.56984257415791,3.6340602053664957,,,,,,,,0.85300815,,,,,,,,,,60,0,60,0,4.674841,118.92443,8.007853312339181,3.689033135010563,3,false,0.006667566,,,-0.112564996,7,2,1.3496803E7,0,7,false,61,66.37619269979783,1.953254352955538,33.98236,21.133335,0,,,,,0,,,,,,2,,,,,,0,,,,"NOT_AVAILABLE",327.4989366336043,-4.6974129156995605,252.8342378565393,-35.70200622679428,,,,,,,,,,,,,,,,,,"http://geadata.esac.esa.int/data-server/datalink/links?ID=5835113607447497984",,"HIP79537",243.45249999999996,-57.57027777777778,2000,7.53,"K0V    ",13.7,-0.85,-1.41,"HIP79537",8.105018427251609E-4
1635721458409799680,"Gaia DR2 5835113607445479680",5835113607445479680,1275485742,2015.5,243.45130270187997,1.2913718437700874,-57.56967041840009,0.655616266342105,,,,,,,,0.75700927,,,,,,,,,,105,0,105,0,0.9516724,113.345215,0.3040260156504368,0.11778160876305932,3,false,0.16755013,,,0.026438346,12,5,26.24431,0,18,false,111,301.40287409968494,1.4533387365319033,207.38652,19.490498,0,,,,,0,,,,,,2,,,,,,0,,,,"NOT_AVAILABLE",327.4980928986544,-4.696373516264541,252.83259837919923,-35.7021285068588,,,,,,,,,,,,,,,,,,"http://geadata.esac.esa.int/data-server/datalink/links?ID=5835113607445479680",,"HIP79537",243.45249999999996,-57.57027777777778,2000,7.53,"K0V    ",13.7,-0.85,-1.41,"HIP79537",8.838238273725254E-4
1635721458409799680,"Gaia DR2 5835113607445479808",5835113607445479808,1552587001,2015.5,243.45098894173182,0.2731852672287013,-57.56954754274937,0.15967343608231827,0.6079754709603868,0.30208074997327566,2.0126257,1.3477327685434215,0.48503002822755525,-11.17489545882958,0.35745478047079704,0.18472278,-0.24430692,-0.49365464,-0.29781982,0.3227806,-0.22793292,-0.38582495,0.07193327,0.041117653,0.040957037,277,0,277,0,7.1705766,474.89783,0.789270079443176,2.779720067892148,31,false,0.28620946,1.4032807644557637,0.04772241090362586,0.008418618,31,13,0.46037683,0,31,false,278,533.932232174617,1.8471541193897734,289.05667,18.86965,28,432.35780152802397,16.744431230013202,25.820992,18.76178,28,865.2316985266966,14.005895195742266,61.776253,17.419088,2.4302514,0,1.3426914,-0.1078701,1.4505615,,,0,,,,"NOT_AVAILABLE",327.4980557569131,-4.696168479374913,252.83236307528256,-35.70204545101147,,,,,,,,,,,,,,,,,,"http://geadata.esac.esa.int/data-server/datalink/links?ID=5835113607445479808",,"HIP79537",243.45249999999996,-57.57027777777778,2000,7.53,"K0V    ",13.7,-0.85,-1.41,"HIP79537",0.0010908192331146702
1635721458409799680,"Gaia DR2 5835113607447014400",5835113607447014400,1488765079,2015.5,243.45136220307361,0.5130988290803364,-57.56890405296812,0.4069799202958293,1.6246476441246058,0.7920677198746048,2.0511475,-0.29690731163992845,1.3795964528330673,0.1742749715321084,1.0025996721532386,0.33538955,-0.24091612,-0.22083353,-0.29794633,0.2722874,-0.11369351,-0.3454944,0.25178593,0.24513581,0.27448756,194,0,191,3,10.566855,472.06638,2.4986598695007616,11.197364290451155,31,false,0.07555977,1.5650065909625517,0.11260065752789537,0.034364086,22,10,1.2767875,0,22,false,188,289.95245509842965,2.1650798408248924,133.92229,19.532549,0,,,,,0,,,,,,2,,,,,,0,,,,"NOT_AVAILABLE",327.498646616122,-4.695840800346525,252.83243010594234,-35.70137374779547,,,,,,,,,,,,,,,,,,"http://geadata.esac.esa.int/data-server/datalink/links?ID=5835113607447014400",,"HIP79537",243.45249999999996,-57.57027777777778,2000,7.53,"K0V    ",13.7,-0.85,-1.41,"HIP79537",0.0015031398979039163
1635721458409799680,"Gaia DR2 5835113607461592960",5835113607461592960,1079727368,2015.5,243.45270288803457,0.023352171713717063,-57.56891636671571,0.0147289089904011,0.43447403705322246,0.02691920364828105,16.139929,-4.465194881394003,0.04372834109540156,-6.0059012450378,0.036518516953037504,0.3287562,-0.23909086,-0.5047146,-0.2730213,0.054247033,-0.29088596,-0.3575397,-0.004868397,0.070701346,-0.09525465,380,18,379,1,-6.7273426,218.06654,0.0,0.0,31,false,44.07031,1.468824687670553,0.004393872488295356,-0.039920982,43,15,0.049690414,0,43,false,378,33721.50087418967,8.60129014926871,3920.5166,14.368599,43,12996.321402283542,20.17735596198935,644.1043,15.066837,41,30326.6620574349,32.566608189018886,931.21954,13.557359,1.2847288,0,1.5094786,0.6982384,0.8112402,,,0,,,,"NOT_AVAILABLE",327.49916027841357,-4.696345791891064,252.83329732510154,-35.70122835583678,100001,4586.6665,4408.0,4799.44,,,,,,,200111,4.68782,4.2813835,5.075538,8.762444,7.4449944,10.079892,"http://geadata.esac.esa.int/data-server/datalink/links?ID=5835113607461592960",,"HIP79537",243.45249999999996,-57.57027777777778,2000,7.53,"K0V    ",13.7,-0.85,-1.41,"HIP79537",0.0013657519289492518
1635721458409799680,"Gaia DR2 5835113607461595392",5835113607461595392,102120083,2015.5,243.44961701273485,0.06700888829283848,-57.570353122493714,0.04084990338390858,-0.016957492192941633,0.07931711602232591,-0.2137936,-5.724767126297531,0.130657233359416,-4.5047933105592755,0.10264934792270482,0.41019925,-0.12993686,-0.5007432,-0.3161659,0.19726445,-0.32234782,-0.37765124,-0.0038682246,0.028133757,0.0030054597,365,0,365,0,-0.428726,347.96603,0.0,0.0,31,false,3.6283016,1.5037028934874395,0.01185336645909974,-0.013876066,41,14,0.12762144,0,41,false,364,3340.315006382801,2.0007775709696434,1669.5084,16.878897,37,1530.5071320987822,33.822143330218466,45.25163,17.3893,38,3027.097530133967,34.98307898544128,86.530334,16.059355,1.3644236,0,1.3299446,0.5104027,0.81954193,,,0,,,,"NOT_AVAILABLE",327.49696372225867,-4.696243992128839,252.8316962563373,-35.70299256804942,110001,4637.55,4382.6797,4956.09,,,,,,,,,,,,,,"http://geadata.esac.esa.int/data-server/datalink/links?ID=5835113607461595392",,"HIP79537",243.45249999999996,-57.57027777777778,2000,7.53,"K0V    ",13.7,-0.85,-1.41,"HIP79537",0.0015478775868212253
1635721458409799680,"Gaia DR2 5835113607461596160",5835113607461596160,456690246,2015.5,243.448737076919,0.0799390357971385,-57.57078133583348,0.04845293583392529,0.362819013424066,0.09435577320955633,3.8452232,-0.8442947361394815,0.15392874278669533,-1.3614795281998076,0.12049949841927494,0.39746344,-0.14129642,-0.5003119,-0.3212601,0.19926879,-0.31612796,-0.3869942,0.0060935905,0.036819153,-0.003287675,354,0,353,1,-0.64925265,330.50647,0.0,0.0,31,false,2.631182,1.5058128997319151,0.014084936087024783,-0.017344471,40,14,0.14876868,0,40,false,350,2523.93318652708,2.612275078364696,966.182,17.18317,12,1141.1860022354608,16.724599817927984,68.23398,17.707996,13,2192.635645236623,18.66594808071646,117.46715,16.409504,1.3208835,0,1.2984924,0.52482605,0.7736664,,,0,,,,"NOT_AVAILABLE",327.49632456052314,-4.696228397597225,252.83124472641782,-35.70351371027079,,,,,,,,,,,,,,,,,,"http://geadata.esac.esa.int/data-server/datalink/links?ID=5835113607461596160",,"HIP79537",243.45249999999996,-57.57027777777778,2000,7.53,"K0V    ",13.7,-0.85,-1.41,"HIP79537",0.00207979017290183
1635721458409799680,"Gaia DR2 5835113607445471872",5835113607445471872,1218851700,2015.5,243.45320994877522,0.5243814722369439,-57.56949546914252,0.28810016689529167,0.8196597440235114,0.6073678815563767,1.3495276,-3.5812243590125115,1.042290010783319,-7.196783611049206,0.6727292938147563,0.15362307,-0.42697504,-0.12724672,-0.21680158,0.41896895,-0.2129896,-0.45145404,-0.045845624,-0.08798861,0.24054693,205,0,191,14,8.633597,406.03168,1.6418806014671303,6.760982790651405,31,false,0.13802473,1.6152696449071307,0.08167559746939364,0.091226436,22,10,0.9400851,0,23,true,195,372.5548078286757,2.2429226951678123,166.10239,19.260391,0,,,,,0,,,,,,0,,,,,,0,,,,"NOT_AVAILABLE",327.4989568578251,-4.696952587813473,252.83378017672422,-35.70173387999461,,,,,,,,,,,,,,,,,,"http://geadata.esac.esa.int/data-server/datalink/links?ID=5835113607445471872",,"HIP79537",243.45249999999996,-57.57027777777778,2000,7.53,"K0V    ",13.7,-0.85,-1.41,"HIP79537",8.700333325690925E-4
1635721458409799680,"Gaia DR2 5835113607446819584",5835113607446819584,1166647898,2015.5,243.4544523018514,0.6870204751354473,-57.56865099306936,0.278140873233198,-0.7257822191045742,0.5774798100551966,-1.2568097,3.1632420212633097,1.0145319377736217,-4.34993069011249,0.6824334756139612,0.38289043,-0.38171026,-0.5515602,-0.39019236,0.25854304,-0.38543054,-0.43946153,0.03889731,3.4115088E-4,0.32189524,229,0,227,2,0.5992859,234.17717,0.0,0.0,31,false,0.11656419,1.5584624236506017,0.08370511390011236,0.07279097,26,11,1.0493196,0,33,false,218,240.32110611767143,1.06562386068765,225.52151,19.736385,0,,,,,0,,,,,,0,,,,,,0,,,,"NOT_AVAILABLE",327.50002537097095,-4.696801040120756,252.83435306237755,-35.700764035324276,,,,,,,,,,,,,,,,,,"http://geadata.esac.esa.int/data-server/datalink/links?ID=5835113607446819584",,"HIP79537",243.45249999999996,-57.57027777777778,2000,7.53,"K0V    ",13.7,-0.85,-1.41,"HIP79537",0.0019345756731908876
1635721458409799680,"Gaia DR2 5835113607446819456",5835113607446819456,47891997,2015.5,243.4546096851381,0.8262906212992407,-57.568854736091694,0.584646552717894,0.601229407642701,0.7761935863174593,0.7745869,7.125777835118851,1.3320301270188883,0.6901472830167528,1.1839222689193696,0.50294167,0.07001411,-0.7076512,-0.46982712,0.3570889,-0.46333158,-0.61865306,-0.10451654,-0.19980839,0.23718697,210,0,206,4,30.220663,1617.0399,3.8094061312167806,41.1052341082013,31,false,0.048587944,1.1264739929158656,0.1322203462154589,0.11360565,24,12,1.4750761,0,25,false,160,306.4643016547663,2.325082846615939,131.8079,19.472416,12,316.45188740610405,5.712186462717357,55.399433,19.100618,15,692.0694060271072,18.621024059232088,37.166023,17.661547,3.290828,0,1.4390717,-0.37179756,1.8108692,,,0,,,,"NOT_AVAILABLE",327.49994561414167,-4.697006749928517,252.83450939827944,-35.70094436026533,,,,,,,,,,,,,,,,,,"http://geadata.esac.esa.int/data-server/datalink/links?ID=5835113607446819456",,"HIP79537",243.45249999999996,-57.57027777777778,2000,7.53,"K0V    ",13.7,-0.85,-1.41,"HIP79537",0.0018179796023056357
1635721458409799680,"Gaia DR2 5835113607445500032",5835113607445500032,1181529064,2015.5,243.45196991629572,0.98264509936012,-57.57177634384764,0.47235604785373114,-0.6977245541400415,0.9375897742610487,-0.7441683,-6.469914414036167,2.0069424394868767,-3.409291888012272,1.43883474532111,0.59549356,0.13891996,-0.71666616,-0.17398919,0.3249032,-0.47206485,-0.32348293,-0.31409964,-0.10411474,0.16518909,268,0,267,1,1.237056,290.63498,0.3761155014797977,0.06922159400618183,31,false,0.041249573,1.3491675975292454,0.13535077331324644,-0.027320217,30,11,1.9638917,0,30,false,267,120.94887855632949,1.1088105868015348,109.079834,20.481861,26,141.33752688025461,17.380171450506708,8.132113,19.975744,25,200.36259643677826,26.861693908948457,7.4590454,19.007378,2.8251615,0,0.9683666,-0.50611687,1.4744835,,,0,,,,"NOT_AVAILABLE",327.4968948534154,-4.69814474612068,252.83359607670457,-35.70410500560749,,,,,,,,,,,,,,,,,,"http://geadata.esac.esa.int/data-server/datalink/links?ID=5835113607445500032",,"HIP79537",243.45249999999996,-57.57027777777778,2000,7.53,"K0V    ",13.7,-0.85,-1.41,"HIP79537",0.0015252880503523075
1635721458409799680,"Gaia DR2 5975663422846820480",5975663422846820480,962912929,2015.5,259.7375912944718,0.23677475788635202,-34.98794167579002,0.19891380909262799,0.9324464957597999,0.3675848516799405,2.5366838,-0.06056914771045356,0.46693003844713077,-0.00963561374426853,0.3805355584684262,0.1819011,-0.047477398,-0.077647716,-0.11633029,-0.5877016,-0.10436121,-0.668889,-0.15412812,0.65477484,0.27067143,85,0,85,0,5.193588,164.238,0.7176778127271142,4.872316944189246,31,false,0.84100384,1.1658477145725596,0.04861029079450797,0.12993442,10,8,0.44505405,0,10,false,77,1707.9970323449643,8.553752884914841,199.67809,17.607147,7,222.89317558552617,46.57429001495685,4.7857556,19.481146,7,3044.5353125979373,31.982833938856366,95.192795,16.053118,1.9130176,0,3.428028,1.8739986,1.5540295,,,0,,,,"NOT_AVAILABLE",351.8433763674456,1.4246986436655402,261.42296470589946,-11.853711754007279,,,,,,,,,,,,,,,,,,"http://geadata.esac.esa.int/data-server/datalink/links?ID=5975663422846820480",,"HIP84709",259.7383333333333,-34.98972222222222,2000,5.91,"K4V    ",6.97,1.15,-0.09,"HIP84709",0.001881467281590721
1635721458409799680,"Gaia DR2 5975663422846819712",5975663422846819712,1171952991,2015.5,259.73553283487445,0.11104979720943485,-34.990389029572526,0.10786893403544233,0.6898720268801408,0.14719070861936992,4.6869264,0.14772727382497022,0.22944535188230175,-0.6160259334260378,0.19513357483269922,-0.05329192,-0.060320172,-0.25082755,0.029511793,-0.54652727,0.15172593,-0.7077641,-0.3652401,0.5160406,0.03785508,79,0,79,0,1.2834992,89.97684,0.2156120290697765,1.1441625454537465,31,false,4.1031938,1.2898970520103075,0.02438982622917565,0.011886144,9,7,0.21509407,0,11,false,78,4576.3120129478,6.320628456559856,724.028,16.537077,9,942.3304410626533,35.86893406310816,26.271492,17.91588,7,6089.341181873523,34.86873912229908,174.63612,15.300494,1.5365368,0,2.615386,1.3788033,1.2365828,,,0,,,,"NOT_AVAILABLE",351.8404034225125,1.424674213567514,261.42142715719837,-11.856274808985019,100001,4209.4604,3560.0,4780.92,2.849,2.7849,2.972,1.432,1.3697,1.487,,,,,,,,"http://geadata.esac.esa.int/data-server/datalink/links?ID=5975663422846819712",,"HIP84709",259.7383333333333,-34.98972222222222,2000,5.91,"K4V    ",6.97,1.15,-0.09,"HIP84709",0.002389247422679033
1635721458409799680,"Gaia DR2 5975663422846195328",5975663422846195328,268509573,2015.5,259.736227497284,1.200428059616806,-34.987610871550466,0.8037839837580578,,,,,,,,-0.044522602,,,,,,,,,,78,0,78,0,4.270698,136.70197,2.4166741976459196,3.1259791134997514,3,false,0.055621848,,,0.13763112,9,7,4.7168565,0,9,false,75,232.51202246358315,3.14514986186454,73.92717,19.772253,7,100.50254031068897,12.472354710435173,8.058024,20.345945,7,438.5833252892862,26.129857987103776,16.784758,18.15679,2.318529,0,2.1891556,0.5736923,1.6154633,,,0,,,,"NOT_AVAILABLE",351.8430055788879,1.4258033814286752,261.4218015565928,-11.853462729724528,,,,,,,,,,,,,,,,,,"http://geadata.esac.esa.int/data-server/datalink/links?ID=5975663422846195328",,"HIP84709",259.7383333333333,-34.98972222222222,2000,5.91,"K4V    ",6.97,1.15,-0.09,"HIP84709",0.002726582210321075
1635721458409799680,"Gaia DR2 5951165616635584768",5951165616635584768,1300049651,2015.5,259.7633163522053,0.899955457462299,-46.634781172126885,1.2645990642935188,,,,,,,,-0.8860814,,,,,,,,,,76,0,75,1,1.7278666,91.69886,0.7551842751226832,1.8776355321265463,3,false,0.41906342,,,-0.17816009,9,6,3.0379524,0,10,false,84,892.3748883599526,7.18309461038883,124.23265,18.311996,5,554.3234903731499,45.621805041665134,12.150407,18.49198,5,1145.6933966298182,59.008122578233625,19.41586,17.114248,1.9050479,0,1.3777313,0.17998314,1.1977482,,,0,,,,"NOT_AVAILABLE",342.29903255286683,-5.265675161537413,262.3552911851006,-23.466788081640086,,,,,,,,,,,,,,,,,,"http://geadata.esac.esa.int/data-server/datalink/links?ID=5951165616635584768",,"HIP84720",259.7658333333333,-46.63611111111111,2000,5.47,"M0V    ",8.78,1.04,0.11,"HIP84720",0.0021807341966228262
1635721458409799680,"Gaia DR2 5951165616635300864",5951165616635300864,210337705,2015.5,259.7621292071454,0.2691518306006722,-46.63528520832356,0.2602486293016221,-4.243286942063061,0.327628795503467,-12.951508,-5.733079116490409,0.4339545507002682,-7.361475398774198,0.40315695329648843,0.5187836,-0.18934764,-0.38667166,-0.5030699,-0.46957776,-0.25489938,-0.7704232,-0.24499923,0.40334436,0.24493843,177,0,177,0,32.65992,1763.9835,1.4006761742811458,35.54575831766285,31,false,0.3697841,1.3682559497137832,0.049586357478345625,0.14804685,20,10,0.48918927,0,20,false,177,2201.385841835238,7.9475779745763235,276.98825,17.331625,19,914.2016466550364,30.176688351912897,30.294962,17.948784,18,2677.4797979722143,16.31249856396859,164.1367,16.192604,1.6315547,0,1.7561798,0.6171589,1.1390209,,,0,,,,"NOT_AVAILABLE",342.2981503777665,-5.265291970843104,262.3544475308718,-23.46735344135034,,,,,,,,,,,,,,,,,,"http://geadata.esac.esa.int/data-server/datalink/links?ID=5951165616635300864",,"HIP84720",259.7658333333333,-46.63611111111111,2000,5.47,"M0V    ",8.78,1.04,0.11,"HIP84720",0.002674117603379779
1635721458409799680,"Gaia DR2 5951165616635298816",5951165616635298816,173874864,2015.5,259.7683391953457,0.3508003828161285,-46.63637991310172,0.34308086106050756,120.17911529487839,0.4767289811809218,252.09106,952.2181447268968,0.6783836073117497,143.17779175328548,0.5599308536175526,0.23037666,-0.120815545,-0.25373647,-0.22770537,-0.15388714,-0.10019947,-0.48062867,-0.5228657,0.15073584,0.09988761,188,188,173,15,131.677,32571.11,1.8774420762210537,821.8153652719477,31,false,0.2604218,1.5132381836304167,0.10386818350007444,0.10512937,21,10,0.35618466,0,23,false,195,1.2091232130290704E7,8508.94533417861,1421.0024,7.982189,19,3420470.3744382625,5473.4711146775535,624.91797,9.016173,15,1.2918068285239844E7,14273.793521171801,905.01996,6.983926,1.3512716,1,2.0322475,1.0339842,0.99826336,25.057770163997333,1.0711032939635794,9,5250.0,4.5,-0.25,"NOT_AVAILABLE",342.29968429944466,-5.269420752902297,262.3591741502757,-23.468116347709714,100002,4135.1074,3928.7,4258.915,0.6697,0.458,0.9611,0.3347,0.2297,0.475,,,,,,,,"http://geadata.esac.esa.int/data-server/datalink/links?ID=5951165616635298816",,"HIP84720",259.7658333333333,-46.63611111111111,2000,5.47,"M0V    ",8.78,1.04,0.11,"HIP84720",0.0017414647553137404
1635721458409799680,"Gaia DR2 1637110042813188608",1637110042813188608,130507860,2015.5,261.2444727434127,0.02540192797125789,67.30672886464752,0.023417985245608043,78.16526118147672,0.026639604356469226,2934.175,-531.9578958001332,0.05018508353860939,4.734004436758923,0.05264670334167739,0.0071213073,-0.31677914,-0.12691492,0.14944227,0.2828849,0.008721244,-0.069369234,-0.11490476,-0.32518503,0.117253445,223,223,201,22,10.490148,484.47437,0.0,0.9302515412159574,31,true,284.64972,1.574717992717646,0.007382873248846796,0.013372411,26,16,0.040373784,0,48,false,365,6.186522755208673E7,13026.35010955209,4749.2373,6.209749,32,3.0545364534767397E7,62249.53007181255,490.6923,6.6390247,33,4.294393056285268E7,110738.19927074837,387.7969,5.6796656,1.1878934,0,0.95935917,0.4292755,0.53008366,-38.4766038509967,0.1480089220595576,13,5250.0,4.5,-0.25,"NOT_AVAILABLE",97.55928258059002,33.17268290085934,163.72500753808512,86.49262379272382,100001,5344.0,5290.0,5501.3335,,,,,,,200111,0.7527444,0.7103043,0.76819074,0.4163471,0.4160943,0.41659987,"http://geadata.esac.esa.int/data-server/datalink/links?ID=1637110042813188608",,"HIP85235",261.25041666666664,67.30666666666666,2000,6.44,"K0V    ",12.7,-0.53,0.0,"HIP85235",0.0022939982251329277
1635721458409799680,"Gaia DR2 4493746564374699008",4493746564374699008,1088308579,2015.5,263.73434236802063,5.284091026798569,12.558961109151694,3.4565006637921045,,,,,,,,-0.6547684,,,,,,,,,,54,54,43,11,195.98871,155116.95,7.246096130310076,9966.572986046394,3,false,0.018270798,,,0.26548126,6,5,9.20824,0,12,false,108,1.2655858168354414E7,1343684.7239271242,9.418771,7.9326367,11,3.358382030857977E7,2.4108911384958163E7,1.3930044,6.5360627,11,8420897.991685309,3127253.048041867,2.692746,7.448524,3.318994,0,-0.9124613,-1.396574,0.48411274,,,0,,,,"NOT_AVAILABLE",35.892999988899135,22.56697169038422,262.4495747896028,35.83416434029741,132011,6878.35,6156.875,8583.0,,,,,,,,,,,,,,"http://geadata.esac.esa.int/data-server/datalink/links?ID=4493746564374699008",,"HIP86032",263.73374999999993,12.56,2000,2.08,"A5III  ",14.3,0.11,-0.22,"HIP86032",0.0011889497381183621
1635721458409799680,"Gaia DR2 4493746564376278400",4493746564376278400,1506462007,2015.5,263.7341745056108,0.7189218589120634,12.559039825248393,0.6011072037527353,,,,,,,,-0.4496399,,,,,,,,,,29,29,29,0,60.35021,7539.519,1.8802596442947195,478.4993328308564,3,false,0.2582889,,,-0.5345995,5,4,1.5240253,0,10,false,50,1.8857078160957165E7,822437.1683866467,22.92829,7.4996796,4,1.7471900767415743E7,5779071.327467601,3.023306,7.2455378,7,1.7771595642789006E7,5798140.110141792,3.065051,6.6376038,1.8689797,0,0.607934,-0.2541418,0.8620758,,,0,,,,"NOT_AVAILABLE",35.89300427491679,22.567153421059917,262.4493677796017,35.83423416960468,132011,5208.5,4439.5,6938.0,,,,,,,,,,,,,,"http://geadata.esac.esa.int/data-server/datalink/links?ID=4493746564376278400",,"HIP86032",263.73374999999993,12.56,2000,2.08,"A5III  ",14.3,0.11,-0.22,"HIP86032",0.0010457625799173028
1635721458409799680,"Gaia DR2 5918660750040861056",5918660750040861056,1493785671,2015.5,266.6446515497894,0.43034569957829893,-57.32096340078381,0.48259987971490775,-0.19849317156423768,0.4981209132932296,-0.3984839,-1.011831091516364,0.7603653347832477,-3.8697095345097656,0.8330380424995876,0.44837853,-0.039502993,-0.41080058,-0.33192345,-0.38397104,-0.21936822,-0.5695111,-0.173037,0.25184628,0.2909043,176,0,176,0,1.3937564,197.35736,0.33949044912858833,0.09218476480040431,31,false,0.09044887,1.4813388755268588,0.091813184421924,0.1181144,20,12,0.88378394,0,20,false,176,262.6229270538217,1.4560927903459637,180.36139,19.640034,18,164.3577339604109,13.185808392924327,12.464745,19.811913,15,236.5536896507966,12.725646123027284,18.588737,18.827095,1.5265667,0,0.9848175,0.17187881,0.8129387,,,0,,,,"NOT_AVAILABLE",335.3032110709406,-14.455109945019727,267.81785613003234,-33.907095832848604,,,,,,,,,,,,,,,,,,"http://geadata.esac.esa.int/data-server/datalink/links?ID=5918660750040861056",,"HIP86990",266.6424999999999,-57.31888888888889,2000,10.7,"M5     ",5.81,-1.12,-1.35,"HIP86990",0.002377646470647534
1635721458409799680,"Gaia DR2 5918660754333355264",5918660754333355264,381541381,2015.5,266.64719966669435,0.37947186461263654,-57.31895185271204,0.40554489376652747,-0.11988816045380996,0.45463199275704747,-0.26370373,-1.176258699892051,0.6383008859911281,-5.907034387740747,0.7076337543296034,0.41005427,-0.14507875,-0.3691077,-0.35196683,-0.3591043,-0.21624517,-0.57571906,-0.20145878,0.2861213,0.26835096,165,0,164,1,-0.85562617,143.60106,0.0,0.0,31,false,0.1219662,1.5278920022066347,0.08300396255553796,0.08998908,19,12,0.74707526,0,19,false,164,324.68237539559834,1.4535371267243797,223.37398,19.40972,13,179.2978223820066,10.534754727160852,17.019648,19.717451,13,273.0812276856956,16.99339705499438,16.069843,18.67119,1.3932972,0,1.0462608,0.30773163,0.7385292,,,0,,,,"NOT_AVAILABLE",335.3057125122203,-14.455378227160326,267.8194452590109,-33.90504649623615,,,,,,,,,,,,,,,,,,"http://geadata.esac.esa.int/data-server/datalink/links?ID=5918660754333355264",,"HIP86990",266.6424999999999,-57.31888888888889,2000,10.7,"M5     ",5.81,-1.12,-1.35,"HIP86990",0.0025384243372868296
1635721458409799680,"Gaia DR2 5918660750040868096",5918660750040868096,1505887583,2015.5,266.6392334025583,0.5293814527126149,-57.31849145029782,0.5918082425827933,0.6916503990217879,0.6127896312926141,1.1286914,-2.153399297747698,0.922249157534349,-6.695604902783103,1.014413194428224,0.46612206,-0.04833145,-0.4081052,-0.36167756,-0.37003824,-0.2448564,-0.5760541,-0.18622918,0.2526242,0.31747237,174,0,174,0,0.8865896,185.12009,1.200296464765269,0.8577510591928081,31,false,0.0609559,1.540138573741259,0.11017837846823816,0.11732857,20,12,1.0889825,0,20,false,173,215.4278905203902,1.317071053921637,163.56589,19.85511,18,119.98997662229557,11.500568410715234,10.433395,20.153526,16,187.90652985097748,11.011836084402102,17.06405,19.077065,1.4292324,0,1.0764618,0.29841614,0.77804565,,,0,,,,"NOT_AVAILABLE",335.3040430122542,-14.45136558073881,267.81424897549033,-33.90470698723906,,,,,,,,,,,,,,,,,,"http://geadata.esac.esa.int/data-server/datalink/links?ID=5918660750040868096",,"HIP86990",266.6424999999999,-57.31888888888889,2000,10.7,"M5     ",5.81,-1.12,-1.35,"HIP86990",0.0018080728083474421
1635721458409799680,"Gaia DR2 2266693630693473024",2266693630693473024,1232379359,2015.5,275.2717815019002,0.8581866273757878,72.73132778241155,0.9074908438581611,,,,,,,,0.006206776,,,,,,,,,,244,244,238,6,747.6817,3257162.8,11.177197212400767,62374.904308026016,3,false,0.0069839754,-0.41772459171974674,0.3131498959357865,-0.077583954,29,15,1.5650836,0,34,false,251,9.315948381435088E8,4278985.846449361,217.71393,3.2652981,24,4.1025874477558595E8,3991000.5449563237,102.79596,3.8187435,26,5.092794450108582E8,1986049.2408585649,256.4284,2.9945297,0.98705804,0,0.82421374,0.55344534,0.2707684,,,0,,,,"NOT_AVAILABLE",103.45468838172616,28.05473422845443,75.90688248502332,83.56863833352965,131001,5948.0,5047.3335,6594.5,,,,,,,,,,,,,,"http://geadata.esac.esa.int/data-server/datalink/links?ID=2266693630693473024",,"HIP89937",275.26416666666665,72.73277777777778,2000,3.55,"F7Vvar ",8.05,0.53,-0.35,"HIP89937",0.0026854912897659997
1635721458409799680,"Gaia DR2 4303526100673781376",4303526100673781376,52606512,2015.5,297.69427440749945,0.14732143762036432,10.761927036004959,0.11787197923767319,0.5357756238389562,0.18645982821214155,2.8734105,-3.5047242658901823,0.3047610155289435,-5.809211604087145,0.2402713825004734,0.07544149,-0.0390908,0.03246479,-0.21150456,-0.012943333,-0.19455726,-0.02658582,-0.35396895,-0.16862227,0.10657317,245,0,245,0,-3.2368145,175.29903,0.0,0.0,31,false,0.5104795,1.4601803942481881,0.03789604077296503,0.06338288,28,13,0.2781463,0,29,false,252,790.0170220590733,1.3096613523146359,603.22235,18.444275,23,310.2266588332496,6.400655678706714,48.46795,19.12219,25,692.3103452331095,7.7006217244649235,89.903175,17.661167,1.2690068,0,1.4610233,0.6779156,0.78310776,,,0,,,,"NOT_AVAILABLE",49.40838596589496,-7.973390235478756,302.2437167386372,31.153520847455503,,,,,,,,,,,,,,,,,,"http://geadata.esac.esa.int/data-server/datalink/links?ID=4303526100673781376",,"HIP97650",297.695,10.763333333333334,2000,5.38,"F0V    ",26.4,-0.03,0.03,"HIP97650",0.0015766410683757932
1635721458409799680,"Gaia DR2 4303526104980926592",4303526104980926592,527944520,2015.5,297.6942846494929,0.13977960289980043,10.763773392109243,0.11120677722851155,-0.017905965468359358,0.17570519134090606,-0.101909146,-2.1042532084793906,0.28968287935458437,-4.50417497414657,0.22630556834366447,0.06665209,-0.043946322,0.017645927,-0.20421264,-0.014884326,-0.19025335,-0.02346416,-0.3461793,-0.16854113,0.09519618,247,0,246,1,-0.31190845,233.56337,0.0,1.2945733904936017E-15,31,false,0.5659614,1.5849340099422684,0.035385043983164735,0.05686111,28,13,0.26378614,0,29,false,255,857.6757911490007,1.3657224710459064,628.0015,18.355059,26,348.8717490491237,7.837506594799861,44.513103,18.994724,28,699.9994958698687,6.888113927834388,101.62426,17.649176,1.2229228,0,1.3455486,0.6396656,0.705883,,,0,,,,"NOT_AVAILABLE",49.41001062112689,-7.972484470956133,302.24419429576557,31.155321433791546,,,,,,,,,,,,,,,,,,"http://geadata.esac.esa.int/data-server/datalink/links?ID=4303526104980926592",,"HIP97650",297.695,10.763333333333334,2000,5.38,"F0V    ",26.4,-0.03,0.03,"HIP97650",8.291743489822011E-4
1635721458409799680,"Gaia DR2 4303526100686465024",4303526100686465024,856142658,2015.5,297.69601273310366,0.40260907968334775,10.765716423710286,0.3348055937873764,-0.10522045472191456,0.4972160054814929,-0.2116192,1.5167033847160925,0.8638017447750204,-0.6378739466946077,0.7405680303406937,0.10065376,0.10907336,-0.11097591,-0.17759258,0.16658288,-0.1766131,0.02265615,-0.16847602,-0.052521624,0.19077133,221,0,220,1,1.2865441,242.07478,0.0,1.3706165366625445E-15,31,false,0.07285871,1.5483062853499563,0.10599942707542748,0.078115486,25,13,0.79462963,0,26,false,228,209.65801319273464,1.0170833084667383,206.13652,19.884586,7,80.551092776068,12.630025704704952,6.3777456,20.58621,10,224.61069118511958,15.67903015933353,14.325547,18.883345,1.4555217,0,1.7028656,0.7016239,1.0012417,,,0,,,,"NOT_AVAILABLE",49.41256412047988,-7.972996865416386,302.24662177909744,31.156851826501008,,,,,,,,,,,,,,,,,,"http://geadata.esac.esa.int/data-server/datalink/links?ID=4303526100686465024",,"HIP97650",297.695,10.763333333333334,2000,5.38,"F0V    ",26.4,-0.03,0.03,"HIP97650",0.002582434873069955
1635721458409799680,"Gaia DR2 4303526100686463488",4303526100686463488,593503228,2015.5,297.6952330664176,0.6091849382919674,10.762857677689173,0.4994321544421642,-0.20214307286723748,0.7171664126306138,-0.28186354,-1.8296351753246727,1.2960117224134813,-4.618415582855156,1.046639009989642,0.31609654,0.16308583,-0.3737964,-0.27326357,0.28190526,-0.28656262,-0.21316913,-0.17022383,-0.22151817,0.2834558,185,0,185,0,0.9743581,198.41504,0.0,0.0,31,false,0.04495536,1.603191568900991,0.15551685073247548,0.09996804,21,12,1.2510911,0,22,false,194,159.44409316235124,1.1572087332848509,137.78334,20.181845,18,81.79603594645516,7.1546655749259545,11.432545,20.569557,20,143.96881470616543,7.856476522117395,18.324858,19.36625,1.41595,0,1.2033081,0.38771248,0.8155956,,,0,,,,"NOT_AVAILABLE",49.40967335425978,-7.973747442049602,302.24502618714797,31.154226061525243,,,,,,,,,,,,,,,,,,"http://geadata.esac.esa.int/data-server/datalink/links?ID=4303526100686463488",,"HIP97650",297.695,10.763333333333334,2000,5.38,"F0V    ",26.4,-0.03,0.03,"HIP97650",5.278956683487068E-4
1635721458409799680,"Gaia DR2 4303526104970394368",4303526104970394368,754221819,2015.5,297.6967404388029,0.9832237916518289,10.763386184188391,0.8520282581666161,1.0690672560781795,1.1866914772915127,0.9008805,-2.533644763272191,2.0512578776998676,-1.6837636731055765,1.6141645349958562,0.45492858,0.34683383,-0.45239362,-0.30749774,0.43182513,-0.32793286,-0.27584198,-0.26979908,-0.28602582,0.38600796,148,0,148,0,1.3655368,166.61948,2.14715571470299,1.1327565435069125,31,false,0.023849644,1.4121021609127224,0.23910945137121012,0.1967831,17,9,2.0699916,0,18,false,156,113.26798689931451,0.9970167651173035,113.6069,20.553099,16,49.547217621610656,7.444607375136246,6.655451,21.11384,17,103.80972798231969,7.563914343193432,13.7243395,19.721325,1.3539302,0,1.3925152,0.5607414,0.83177376,,,0,,,,"NOT_AVAILABLE",49.410877602772,-7.974772109720306,302.24684916317955,31.154422169247983,,,,,,,,,,,,,,,,,,"http://geadata.esac.esa.int/data-server/datalink/links?ID=4303526104970394368",,"HIP97650",297.695,10.763333333333334,2000,5.38,"F0V    ",26.4,-0.03,0.03,"HIP97650",0.001710635672591707
1635721458409799680,"Gaia DR2 2185716214219695360",2185716214219695360,1267486989,2015.5,301.2622754227183,0.24563270779180177,54.43422131619391,0.23597640315401835,2.3088035322251654,0.24777221726060186,9.318251,10.941048798754709,0.5684105849573808,-3.412845421512209,0.479576661611501,0.01944388,-0.30323055,-0.3815109,-0.010924631,0.15939939,-0.056014404,-0.36036807,0.11194693,-0.14599009,-0.074596874,213,0,213,0,119.30471,24448.947,2.242478303934384,1188.4916457601726,31,false,0.19828203,1.5554750533143342,0.05958309027009502,-0.06426683,24,15,0.5145779,0,25,true,222,56210.57687414096,36.80666686537912,1527.1847,13.813821,24,28401.957061644185,52.189624568532835,544.207,14.218018,23,41337.96226109775,45.61287297238949,906.27844,13.221047,1.2406904,0,0.9969702,0.40419674,0.59277344,,,0,,,,"NOT_AVAILABLE",88.58712233127972,11.975855379770227,336.2863480466912,70.75061713117506,100001,5300.0,5033.473,5367.0,0.008,0.0,0.0637,0.004,0.0,0.0321,200111,0.7833142,0.763879,0.8684648,0.4361845,0.34209406,0.5302749,"http://geadata.esac.esa.int/data-server/datalink/links?ID=2185716214219695360",,"HIP98906",301.25916666666666,54.43416666666666,2000,11.9,"M3     ",15.8,-1.17,-0.9,"HIP98906",0.001808995105548509
1635721458409799680,"Gaia DR2 2185716214217529344",2185716214217529344,1563489217,2015.5,301.25802957757367,0.23979251801650503,54.43510013640562,0.21458054895618137,0.4596314320310001,0.23797874887510792,1.931397,-2.773631380626341,0.5723925450335959,2.2660561425878862,0.45454580614279916,0.00992683,-0.33405012,-0.35923713,-0.014233789,0.17731443,-0.012848392,-0.3179414,0.14984381,-0.066533275,0.032270733,204,0,202,2,3.1895866,266.51965,0.8464838729149179,2.0031313109282696,31,false,0.23213182,1.5292882245795707,0.06159385022268581,-0.036631312,23,15,0.51441693,0,24,false,210,475.49072428807546,1.2431762950525564,382.48053,18.99551,21,190.7600440566131,11.559962551923062,16.501787,19.65017,22,458.7474100497799,11.881416178661434,38.6105,18.107986,1.3659729,0,1.5421829,0.6546593,0.88752365,,,0,,,,"NOT_AVAILABLE",88.58662370852335,11.978430823835438,336.28217641994945,70.75284862840539,,,,,,,,,,,,,,,,,,"http://geadata.esac.esa.int/data-server/datalink/links?ID=2185716214217529344",,"HIP98906",301.25916666666666,54.43416666666666,2000,11.9,"M3     ",15.8,-1.17,-0.9,"HIP98906",0.001144015581251368
1635721458409799680,"Gaia DR2 1872047227811060480",1872047227811060480,496865163,2015.5,316.72635968364006,0.11190636455195627,38.749827993024006,0.1262521558146231,0.7387474238233395,0.151516711097291,4.875683,-2.385883853484711,0.2433847530939508,-8.74124368318661,0.2530492394852014,0.2331679,0.038908742,-0.089761585,-0.23610778,0.1526496,-0.2072036,-0.34069386,-0.11466421,-0.13328128,0.028811501,248,0,247,1,1.52611,276.4219,0.09689176089398471,0.06896029133211812,31,false,0.6618979,1.4917653063341905,0.03354907055294599,0.012192237,28,12,0.2362388,0,29,false,249,920.1180276339527,1.5707343888416436,585.78845,18.278757,24,374.9663360049518,10.693164591215213,35.065983,18.916407,24,935.2596881278059,10.429713614579153,89.672615,17.334589,1.4239761,0,1.5818176,0.63764954,0.9441681,,,0,,,,"NOT_AVAILABLE",82.32088613508606,-5.818763332542788,336.95896212345565,51.898851719378506,,,,,,,,,,,,,,,,,,"http://geadata.esac.esa.int/data-server/datalink/links?ID=1872047227811060480",,"GJ820A",316.7245833333333,38.74916666666667,2000,5.2,"K5.0V  ",3.49,4.16,3.26,"GJ820A",0.0015351119737143047
1635721458409799680,"Gaia DR2 1872047227813442688",1872047227813442688,458350984,2015.5,316.7240037063623,4.502615967947118,38.749405339355214,9.841916461475918,,,,,,,,0.994106,,,,,,,,,,121,0,121,0,-0.5399922,107.333664,0.0,0.0,3,false,0.049566377,,,-0.08849389,14,6,26.269724,0,14,false,120,146.81161860151644,1.378957349560032,106.46567,20.271465,8,109.43165790829622,26.09101564616851,4.1942277,20.25353,10,204.15355107614565,13.135223329812028,15.54245,18.987028,2.1359699,0,1.2665024,-0.0179348,1.2844372,,,0,,,,"NOT_AVAILABLE",82.3193340685573,-5.817681427132491,336.95601126928887,51.89934089333055,,,,,,,,,,,,,,,,,,"http://geadata.esac.esa.int/data-server/datalink/links?ID=1872047227813442688",,"GJ820A",316.7245833333333,38.74916666666667,2000,5.2,"K5.0V  ",3.49,4.16,3.26,"GJ820A",5.111856633544362E-4
1635721458409799680,"Gaia DR2 1872047227813137664",1872047227813137664,924717173,2015.5,316.72471731350504,0.29317944893839826,38.75027217386237,0.4680555851869665,0.5368973408236121,0.33576402003013534,1.5990318,-1.404025882657778,0.5867403523876051,-3.5824287397427477,0.9290642185822344,0.62438464,-0.13631257,-0.5079217,-0.5486818,0.111736126,-0.40358227,-0.7740374,0.20564006,-0.039377768,0.3703975,185,0,184,1,0.8361083,194.58487,0.28673893156764535,0.15901573091070165,31,false,0.20131151,1.5008107027365525,0.06836293084477985,-0.07799648,21,9,0.9513377,0,22,false,192,381.14232791270047,1.5181947815168784,251.04968,19.235647,16,186.79381269111533,8.545101374867413,21.859755,19.672981,14,408.02386516137335,12.341883783576495,33.060097,18.235207,1.5606183,0,1.4377747,0.43733406,1.0004406,,,0,,,,"NOT_AVAILABLE",82.32035582930102,-5.817514509207442,336.95746704284034,51.8998451121565,,,,,,,,,,,,,,,,,,"http://geadata.esac.esa.int/data-server/datalink/links?ID=1872047227813137664",,"GJ820A",316.7245833333333,38.74916666666667,2000,5.2,"K5.0V  ",3.49,4.16,3.26,"GJ820A",0.001110434243256257
1635721458409799680,"Gaia DR2 1872046471898765824",1872046471898765824,985640375,2015.5,316.7305948261443,12.168399349896085,38.73917281290281,8.161100179044965,,,,,,,,-0.40616614,,,,,,,,,,38,0,38,0,0.033013962,32.60314,0.0,0.0,3,false,0.008565253,,,0.045776427,5,4,31335.102,0,6,false,48,68.19743991389998,2.092335954271396,32.593925,21.103945,0,,,,,0,,,,,,0,,,,,,0,,,,"NOT_AVAILABLE",82.31515335744345,-5.82835069127385,336.9555854616142,51.887892636628905,,,,,,,,,,,,,,,,,,"http://geadata.esac.esa.int/data-server/datalink/links?ID=1872046471898765824",,"GJ820B",316.73041666666666,38.74166666666667,2000,6.03,"K7.0V  ",3.49,4.11,3.14,"GJ820B",0.0024977223944468146
1635721458409799680,"Gaia DR2 1872046471896790016",1872046471896790016,757357616,2015.5,316.73092763524426,1.6738778155004326,38.74287372646877,3.8840852711428298,,,,,,,,0.90411204,,,,,,,,,,113,0,113,0,-0.14200461,105.26964,0.0,0.0,3,false,0.032427702,,,-0.07222257,13,6,13.253931,0,14,false,123,110.59769911941761,1.4863178149161593,74.41053,20.579,13,94.79341469492967,10.159591860248076,9.330436,20.409443,14,150.90676552895852,13.648396508289276,11.05674,19.315147,2.221567,0,1.0942955,-0.16955757,1.2638531,,,0,,,,"NOT_AVAILABLE",82.3180913327066,-5.826065647869697,336.95877096917224,51.89103888182079,,,,,,,,,,,,,,,,,,"http://geadata.esac.esa.int/data-server/datalink/links?ID=1872046471896790016",,"GJ820B",316.73041666666666,38.74166666666667,2000,6.03,"K7.0V  ",3.49,4.11,3.14,"GJ820B",0.0012711519130857239
1635721458409799680,"Gaia DR2 6371557530914670976",6371557530914670976,989993635,2015.5,317.35001966627624,0.3106719413744527,-73.17449383238895,0.3756070034117266,49.34973587452205,0.39062038404800037,126.336815,437.49895776723673,0.6195557467605304,-362.41078097231775,0.7209781496158062,-0.05262173,0.08054498,-0.14648506,0.056331478,-0.07051091,0.082626365,-0.16936342,-0.2643408,-0.110960156,-0.018780248,287,287,280,7,299.80566,237397.27,2.5831638224318634,3541.139018939579,31,false,0.12856095,1.4612713411912008,0.11559889151135963,0.010133564,34,19,0.35656002,0,42,false,325,1.2203916889690593E8,181636.34841750358,671.8874,5.4721174,31,6.4191288994034655E7,76610.20813559968,837.8947,5.832698,32,7.610969525001773E7,225101.4483244736,338.11285,5.05832,1.149639,0,0.7743778,0.36058044,0.41379738,-8.335080476218891,0.4530779604789706,13,5500.0,3.5,0.0,"NOT_AVAILABLE",319.9979126720644,-35.615480008610106,290.79253598853194,-53.14884380281955,100001,5881.5,5815.0,6037.0,0.2567,0.026,0.5523,0.131,0.0143,0.2248,200111,1.3509659,1.2822663,1.3820417,1.9675957,1.9499335,1.9852579,"http://geadata.esac.esa.int/data-server/datalink/links?ID=6371557530914670976",,"HIP104440",317.3433333333333,-73.17277777777778,2000,5.67,"G3IV   ",18.7,0.46,-0.29,"HIP104440",0.002586703407185253
1635721458409799680,"Gaia DR2 2193192137374547328",2193192137374547328,1678092317,2015.5,319.646298283486,0.8178950450054825,62.58578821319179,0.8408701325566067,,,,,,,,0.3977099,,,,,,,,,,90,90,88,2,199.24112,119974.52,3.998522310332991,3883.45854261316,3,false,0.055742696,,,-0.14018133,11,7,2.4142501,0,33,true,289,2439625.4355819407,381289.23345601466,6.3983593,9.7200575,0,,,,,0,,,,,,0,,,,,,0,,,,"NOT_AVAILABLE",100.99958366787706,9.171605155177865,12.779569828060547,68.91325645712904,,,,,,,,,,,,,,,,,,"http://geadata.esac.esa.int/data-server/datalink/links?ID=2193192137374547328",,"HIP105199",319.645,62.58555555555556,2000,2.45,"A7IV-V ",14.9,0.15,0.05,"HIP105199",6.414391696107943E-4
1635721458409799680,"Gaia DR2 2193192137369300096",2193192137369300096,1549809413,2015.5,319.6466068984432,1.9147922221794464,62.58593491397673,1.970900699539878,,,,,,,,0.8996607,,,,,,,,,,58,58,57,1,175.3727,100595.43,3.9686511833655818,3701.8451460587708,3,false,0.05723191,,,-0.13457055,7,5,4.345385,0,18,false,127,1327301.6440411122,257059.57056679932,5.163401,10.380941,0,,,,,0,,,,,,0,,,,,,0,,,,"NOT_AVAILABLE",100.9997905432453,9.171604067974727,12.780126101139905,68.91321575548072,,,,,,,,,,,,,,,,,,"http://geadata.esac.esa.int/data-server/datalink/links?ID=2193192137369300096",,"HIP105199",319.645,62.58555555555556,2000,2.45,"A7IV-V ",14.9,0.15,0.05,"HIP105199",8.314383285782965E-4
1635721458409799680,"Gaia DR2 6572227714472220416",6572227714472220416,446264819,2015.5,327.2987324015276,0.43005319276424714,-41.55896160907264,0.4453053159878179,69.31983770805932,0.6016742502253857,115.21157,279.1680661795431,0.7768251153862475,-229.0644513065021,0.810138905162061,0.12280888,-0.04327567,0.30936104,-0.033275567,-0.2651995,0.044501543,0.18752359,-0.3392646,-0.2647118,0.24913208,153,153,153,0,162.66492,57613.234,2.457422727999858,2088.9798160152377,31,false,0.16098535,1.5208035611538921,0.1331688440122407,0.06628876,18,10,0.45076585,0,26,false,154,790225.7330383214,880.4918115991773,897.4822,10.943988,15,158571.3467142559,1475.6463313620845,107.45891,12.350826,17,996572.2691423228,5897.492666974776,168.98236,9.765648,1.4617894,0,2.5851784,1.4068384,1.17834,,,0,,,,"NOT_AVAILABLE",359.58905236207636,-50.24311997631385,314.7683366192749,-26.605379882568357,100001,3578.25,3360.5,3870.74,0.078,0.0344,0.3477,0.0483,0.0227,0.1907,,,,,,,,"http://geadata.esac.esa.int/data-server/datalink/links?ID=6572227714472220416",,"HIP107711",327.2995833333333,-41.55888888888889,2000,11.5,"M6     ",13.4,0.95,-0.47,"HIP107711",6.408692162593124E-4
1635721458409799680,"Gaia DR2 6572227714472220288",6572227714472220288,1595557596,2015.5,327.29945657806564,0.07457822719269934,-41.559469802022775,0.07284109593567215,63.972170658636834,0.12833084554096247,498.4941,307.8468027952769,0.16460856526114342,-178.6202642127849,0.1453189022102538,0.45639557,-0.27620828,0.48303217,0.11207883,-0.37865794,0.24003558,0.15154259,-0.6351645,-0.41007817,0.56778175,185,185,174,11,23.180883,1051.5297,0.24152667547634907,20.47652583869576,31,true,15.03211,1.3478400379091684,0.016228320151777116,-0.0062102233,23,12,0.10838792,0,25,false,175,549428.3851990802,691.6215250031951,794.4061,11.338588,8,114202.43824765157,597.0178769484784,191.28813,12.7072,8,722385.4369994119,24738.669770910084,29.200659,10.114998,1.5226513,0,2.5922022,1.3686123,1.2235899,,,0,,,,"NOT_AVAILABLE",359.58816716785293,-50.24360103482409,314.7686858157289,-26.606053983958738,100001,4012.71,3545.0,4679.24,0.149,0.0209,0.2753,0.086,0.0119,0.153,,,,,,,,"http://geadata.esac.esa.int/data-server/datalink/links?ID=6572227714472220288",,"HIP107711",327.2995833333333,-41.55888888888889,2000,11.5,"M6     ",13.4,0.95,-0.47,"HIP107711",5.886051951387811E-4
1635721458409799680,"Gaia DR2 2007876324472099584",2007876324472099584,945497885,2015.5,337.00265797763575,0.033516951305521576,57.69801548766821,0.032079339730428556,1.312686093993933,0.03976701326174166,33.009422,10.411129691243097,0.06294810304521416,4.054749782370892,0.06005140933978718,0.053668797,0.33625472,-0.3295117,-0.16383375,0.1537369,-0.22811575,-0.07365862,-0.231168,0.070876345,0.008765423,247,0,247,0,-1.272941,214.44601,0.0,0.0,31,false,9.102814,1.455804813001349,0.009249809000408275,0.03593654,28,16,0.06643039,0,31,false,269,7935.271851921254,4.291466608225007,1849.0815,15.939461,21,2915.846136822162,18.782715736528313,155.24092,16.689476,21,7440.679504463295,26.83232263903929,277.30286,15.082889,1.3051255,0,1.6065874,0.75001526,0.85657215,,,0,,,,"NOT_AVAILABLE",104.69057676835631,-0.0024733804337371676,16.388464708932357,59.15328979711198,100001,4313.5,4197.56,4425.0,1.3513,0.9994,1.538,0.659,0.5133,0.7571,200111,0.90178555,0.8569122,0.9522896,0.25364158,0.23609711,0.27118605,"http://geadata.esac.esa.int/data-server/datalink/links?ID=2007876324472099584",,"GJ860A",337.0016666666666,57.69694444444444,2000,9.79,"M3.0V  ",4.03,-0.87,-0.47,"GJ860A",0.0011948910503885347
1635721458409799680,"Gaia DR2 2009481748874726784",2009481748874726784,932769387,2015.5,348.31991587293896,0.5421397458782363,57.1694570660955,0.4221688354741772,0.34275578897615744,0.6952160692708367,0.49302053,-0.4133048584090854,0.8577089486701118,-3.6215248741068926,0.9190510525754568,-0.225657,0.6720556,0.038297012,-0.12916182,-0.27162233,-0.14543034,-0.34241903,0.16280144,-0.0010346252,-0.24905811,96,0,96,0,1.1822655,107.154495,0.9451944814276819,1.0222837947735184,31,false,0.14890209,1.5002764137508062,0.14153238346235156,0.341963,11,9,0.88334334,0,12,false,104,298.59646018467356,1.7791657557084073,167.82948,19.500654,12,168.16274842155548,12.357838594932304,13.6077795,19.787064,12,459.60803918542115,21.440091780062584,21.43685,18.105951,2.1024053,0,1.6811123,0.28640938,1.3947029,,,0,,,,"NOT_AVAILABLE",109.89845019921202,-3.1974160612207534,23.74345719670362,54.547719285702996,,,,,,,,,,,,,,,,,,"http://geadata.esac.esa.int/data-server/datalink/links?ID=2009481748874726784",,"HIP114622",348.32083333333327,57.16833333333333,2000,5.57,"K3Vvar ",6.52,2.07,0.29,"HIP114622",0.0012289004937561373
1635721458409799680,"Gaia DR2 2009481748874726784",2009481748874726784,932769387,2015.5,348.31991587293896,0.5421397458782363,57.1694570660955,0.4221688354741772,0.34275578897615744,0.6952160692708367,0.49302053,-0.4133048584090854,0.8577089486701118,-3.6215248741068926,0.9190510525754568,-0.225657,0.6720556,0.038297012,-0.12916182,-0.27162233,-0.14543034,-0.34241903,0.16280144,-0.0010346252,-0.24905811,96,0,96,0,1.1822655,107.154495,0.9451944814276819,1.0222837947735184,31,false,0.14890209,1.5002764137508062,0.14153238346235156,0.341963,11,9,0.88334334,0,12,false,104,298.59646018467356,1.7791657557084073,167.82948,19.500654,12,168.16274842155548,12.357838594932304,13.6077795,19.787064,12,459.60803918542115,21.440091780062584,21.43685,18.105951,2.1024053,0,1.6811123,0.28640938,1.3947029,,,0,,,,"NOT_AVAILABLE",109.89845019921202,-3.1974160612207534,23.74345719670362,54.547719285702996,,,,,,,,,,,,,,,,,,"http://geadata.esac.esa.int/data-server/datalink/links?ID=2009481748874726784",,"HIP114622",348.32083333333327,57.16833333333333,2000,5.57,"K3Vvar ",6.52,2.07,0.29,"HIP114622",0.0012289004937561373
1635721458409799680,"Gaia DR2 2009481748874726784",2009481748874726784,932769387,2015.5,348.31991587293896,0.5421397458782363,57.1694570660955,0.4221688354741772,0.34275578897615744,0.6952160692708367,0.49302053,-0.4133048584090854,0.8577089486701118,-3.6215248741068926,0.9190510525754568,-0.225657,0.6720556,0.038297012,-0.12916182,-0.27162233,-0.14543034,-0.34241903,0.16280144,-0.0010346252,-0.24905811,96,0,96,0,1.1822655,107.154495,0.9451944814276819,1.0222837947735184,31,false,0.14890209,1.5002764137508062,0.14153238346235156,0.341963,11,9,0.88334334,0,12,false,104,298.59646018467356,1.7791657557084073,167.82948,19.500654,12,168.16274842155548,12.357838594932304,13.6077795,19.787064,12,459.60803918542115,21.440091780062584,21.43685,18.105951,2.1024053,0,1.6811123,0.28640938,1.3947029,,,0,,,,"NOT_AVAILABLE",109.89845019921202,-3.1974160612207534,23.74345719670362,54.547719285702996,,,,,,,,,,,,,,,,,,"http://geadata.esac.esa.int/data-server/datalink/links?ID=2009481748874726784",,"HIP114622",348.32083333333327,57.16833333333333,2000,5.57,"K3Vvar ",6.52,2.07,0.29,"HIP114622",0.0012289004937561373
1635721458409799680,"Gaia DR2 2009481748874726784",2009481748874726784,932769387,2015.5,348.31991587293896,0.5421397458782363,57.1694570660955,0.4221688354741772,0.34275578897615744,0.6952160692708367,0.49302053,-0.4133048584090854,0.8577089486701118,-3.6215248741068926,0.9190510525754568,-0.225657,0.6720556,0.038297012,-0.12916182,-0.27162233,-0.14543034,-0.34241903,0.16280144,-0.0010346252,-0.24905811,96,0,96,0,1.1822655,107.154495,0.9451944814276819,1.0222837947735184,31,false,0.14890209,1.5002764137508062,0.14153238346235156,0.341963,11,9,0.88334334,0,12,false,104,298.59646018467356,1.7791657557084073,167.82948,19.500654,12,168.16274842155548,12.357838594932304,13.6077795,19.787064,12,459.60803918542115,21.440091780062584,21.43685,18.105951,2.1024053,0,1.6811123,0.28640938,1.3947029,,,0,,,,"NOT_AVAILABLE",109.89845019921202,-3.1974160612207534,23.74345719670362,54.547719285702996,,,,,,,,,,,,,,,,,,"http://geadata.esac.esa.int/data-server/datalink/links?ID=2009481748874726784",,"HIP114622",348.32083333333327,57.16833333333333,2000,5.57,"K3Vvar ",6.52,2.07,0.29,"HIP114622",0.0012289004937561373
